 Meta community , Coca Cola , Pepsi , Perrier , Redbull 
 Family.mums , Mums ,, Mums ,
 Family.Female , Female ,,,
 Family.NA ,,,,
 Family.Teen , Teens ,,,
 Family.Health ,, Health / Diet Regimes ,,
 Family.NA2 ,,,,
 Active / male.NA ,,,,
 Active / male.Travel ,,,, Travel 
 Active / male.Sport ,,,, Sport 
 Active / male.Auto ,,,, Auto 
 Culture.Design ,,, Design ,
 Culture.Shopping ,,, Shopping ,
 Culture.Entertainment ,,, Entertainment ,
 Retro - Vintage ,, Retro-Vintage ,,
 Retro - Vintage.General ,, General ,,
