host,link,time,auth,follower,following,age,gender,country,location,sentiment,contents,uniqueid,authname
http://twitter.com/lauramarive,http://twitter.com/lauramarive/statuses/363497395985715200,2013-08-03T03:11:47Z,2,22,195,,,US,"LA, CA",,#BestSeller #5: Oreck Commercial CCPK8DW Type CC High Filtration Genuine Celoc Filter Vacuum Bag for XL Model... http://t.co/xlOBiIzEV8,3.63497E+17,laura marive
http://twitter.com/lindasmith365,http://twitter.com/lindasmith365/statuses/368312446898823168,2013-08-16T10:05:04Z,4,43,1,,,US,Los Angeles,,Oreck Commercial CCPK8DW Type CC High Filtration Genuine Celoc Filter Vacuum Bag for XL Model Vacuum... http://t.co/2z0AGfr4bZ #Industrial,3.68312E+17,fashionshoesshop
http://twitter.com/lindasmith365,http://twitter.com/lindasmith365/statuses/369718339305623552,2013-08-20T07:11:35Z,4,43,1,,,US,Los Angeles,,Oreck Commercial CCPK8DW Type CC High Filtration Genuine Celoc Filter Vacuum Bag for XL Model Vacuum... http://t.co/QvEyCwqUgt #Industrial,3.69718E+17,fashionshoesshop
http://twitter.com/lilysmith365,http://twitter.com/lilysmith365/statuses/370442731723558912,2013-08-22T07:10:04Z,2,6,2,,,US,Los Angeles,,Oreck Commercial CCPK8DW Type CC High Filtration Genuine Celoc Filter Vacuum Bag for XL Model Vacuum... http://t.co/byk3QzgLNd #Industrial,3.70443E+17,Lilysmith
http://twitter.com/lindasmith365,http://twitter.com/lindasmith365/statuses/371234884531941377,2013-08-24T11:37:48Z,4,43,1,,,US,Los Angeles,,Oreck Commercial CCPK8DW Type CC High Filtration Genuine Celoc Filter Vacuum Bag for XL Model Vacuum... http://t.co/gIUYbTIfGP #Industrial,3.71235E+17,fashionshoesshop
http://twitter.com/lilianne_linsay,http://twitter.com/Lilianne_Linsay/statuses/363497395406897152,2013-08-03T03:11:47Z,5,670,437,,,US,US,,#BestSeller #5: Oreck Commercial CCPK8DW Type CC High Filtration Genuine Celoc Filter Vacuum Bag for XL Model... http://t.co/TqiwQIMueM,3.63497E+17,Lilianne Linsay
http://twitter.com/lilysmith365,http://twitter.com/lilysmith365/statuses/369722247268675584,2013-08-20T07:27:07Z,2,6,2,,,US,Los Angeles,,Oreck Commercial CCPK8DW Type CC High Filtration Genuine Celoc Filter Vacuum Bag for XL Model Vacuum... http://t.co/Y4TWvbxhHZ #Industrial,3.69722E+17,Lilysmith
http://twitter.com/tvdealsforyou,http://twitter.com/tvdealsforyou/statuses/363462036451110912,2013-08-03T00:51:16Z,2,12,19,,,US,USA,,Oreck Hypo-Allergenic CELOC Filter Bags Type CC for Uprights with Bag Docking Systems 8 pk. - Genuine Oreck... http://t.co/DczScPFTdx,3.63462E+17,TVDeals4u
http://twitter.com/lilysmith365,http://twitter.com/lilysmith365/statuses/371239041519214593,2013-08-24T11:54:19Z,2,6,2,,,US,Los Angeles,,Oreck Commercial CCPK8DW Type CC High Filtration Genuine Celoc Filter Vacuum Bag for XL Model Vacuum... http://t.co/TdUl0aszBr #Industrial,3.71239E+17,Lilysmith
http://twitter.com/oreck,http://twitter.com/oreck/statuses/381176396799684608,2013-09-20T22:01:49Z,7,5559,216,,,US,"Nashville, TN",,Thank you for 50 great years! Are you ready for the next 50? http://t.co/vbLZCiQRJZ,3.81176E+17,Oreck
http://twitter.com/linnymaem,http://twitter.com/linnymaeM/statuses/362990174822998016,2013-08-01T17:36:16Z,1,5,29,,,US,America,,@EmilyMaynard Oreck. The liitle one has a shoulder strap & will suck the grain right off the wood!! Good vacuum!,3.6299E+17,Linda M. Miller
http://twitter.com/findappliance,http://twitter.com/FindAppliance/statuses/358744307185881090,2013-07-21T00:24:42Z,5,246,0,,,US,USA,,ORECK XL 2 (Wausau) - $50: Works great  still in good condition  just no longer needed. $50.00 OBO Serious i... http://t.co/F6vWxbhdAH,3.58744E+17,Find Any Appliance
http://twitter.com/uniqueflooring3,http://twitter.com/UniqueFlooring3/statuses/390543913024360448,2013-10-16T18:24:59Z,3,104,242,,,US,"San Diego, CA",,Oreck Touch Meets Expectations for Quality Floor Cleaning http://t.co/OPgYFgj9Vo,3.90544E+17,Unique Flooring
http://twitter.com/tweettweetter,http://twitter.com/Tweettweetter/statuses/363797078314455040,2013-08-03T23:02:37Z,4,275,865,,,US,NYC / Pittsburgh / Pensacola,,No. Unless it is an Oreck. RT @trini87 Buying a used vacuum good or bad idea?,3.63797E+17,Tweettweetter
http://twitter.com/lindasmith365,http://twitter.com/lindasmith365/statuses/368722204789190657,2013-08-17T13:13:18Z,4,43,1,,,US,Los Angeles,,Oreck Commercial CCPK8DW Type CC High Filtration Genuine Celoc Filter Vacuum Bag for XL Model Vacuum... http://t.co/ZXFi09VUx1 #Industrial,3.68722E+17,fashionshoesshop
http://twitter.com/kait_rich,http://twitter.com/kait_rich/statuses/371416717143965696,2013-08-24T23:40:20Z,5,362,278,,,US,Nashville,,And selling used Oreck vacuum - basic upright model - good condition - $40 - spread the word please,3.71417E+17,Kait Marie Rich
http://twitter.com/amazon_________,http://twitter.com/amazon_________/statuses/363903497122488320,2013-08-04T06:05:29Z,8,12585,11072,,,US,usa,,Oreck Commercial CCPK8DW Type CC High Filtration Genuine Celoc Filter Vacuum Bag for XL Model Vacuum Cleaners ... http://t.co/pAj28FlZYV,3.63903E+17,Amazon.com
http://twitter.com/susansmith365,http://twitter.com/susansmith365/statuses/366459230162653185,2013-08-11T07:21:03Z,2,9,8,,,US,Los Angeles,,Oreck Commercial CCPK8DW Type CC High Filtration Genuine Celoc Filter Vacuum Bag for XL Model Vacuum... http://t.co/M9bFlwJcAg #Industrial,3.66459E+17,susan smith
http://twitter.com/miranaandien,http://twitter.com/MiranaAndien/statuses/363497395390136322,2013-08-03T03:11:47Z,5,419,278,,,US,US,,#BestSeller #5: Oreck Commercial CCPK8DW Type CC High Filtration Genuine Celoc Filter Vacuum Bag for XL Model... http://t.co/Qx5uEEPeRR,3.63497E+17,MiranaAndien
http://twitter.com/igotitforless,http://twitter.com/igotitforless/statuses/344913597962530817,2013-06-12T20:26:24Z,5,752,863,,,US,New York,,Check out this great item: Oreck XL 2100 RHS Lightweight 8 lb. Upright Vacuum Cleaner New in Box http://t.co/ECv6w1x1mT,3.44914E+17,I got it for less
http://twitter.com/lilysmith365,http://twitter.com/lilysmith365/statuses/366526691889250304,2013-08-11T11:49:07Z,2,6,2,,,US,Los Angeles,,Oreck Commercial CCPK8DW Type CC High Filtration Genuine Celoc Filter Vacuum Bag for XL Model Vacuum... http://t.co/RRequpFp7t #Industrial,3.66527E+17,Lilysmith
http://twitter.com/lindasmith365,http://twitter.com/lindasmith365/statuses/369784846727385088,2013-08-20T11:35:52Z,4,43,1,,,US,Los Angeles,,Oreck Commercial CCPK8DW Type CC High Filtration Genuine Celoc Filter Vacuum Bag for XL Model Vacuum... http://t.co/YtuacIgD3y #Industrial,3.69785E+17,fashionshoesshop
http://twitter.com/susansmith365,http://twitter.com/susansmith365/statuses/369452152776687617,2013-08-19T13:33:51Z,2,9,8,,,US,Los Angeles,,Oreck Commercial CCPK8DW Type CC High Filtration Genuine Celoc Filter Vacuum Bag for XL Model Vacuum... http://t.co/Eua9KG5ogz #Industrial,3.69452E+17,susan smith
http://twitter.com/susansmith365,http://twitter.com/susansmith365/statuses/368274446127083520,2013-08-16T07:34:04Z,2,9,8,,,US,Los Angeles,,Oreck Commercial CCPK8DW Type CC High Filtration Genuine Celoc Filter Vacuum Bag for XL Model Vacuum... http://t.co/qY06vP1Rv5 #Industrial,3.68274E+17,susan smith
http://twitter.com/susansmith365,http://twitter.com/susansmith365/statuses/367545326183276545,2013-08-14T07:16:49Z,2,9,8,,,US,Los Angeles,,Oreck Commercial CCPK8DW Type CC High Filtration Genuine Celoc Filter Vacuum Bag for XL Model Vacuum... http://t.co/2HH3OGyJgR #Industrial,3.67545E+17,susan smith
http://twitter.com/tvdealsforyou,http://twitter.com/tvdealsforyou/statuses/363466694578020353,2013-08-03T01:09:47Z,2,12,19,,,US,USA,,Oreck Fresh Air Vacuum Scent Tabs - This is a package of 12 genuine Oreck AIRTABS  or Clean Air Scented... http://t.co/dNLe68FHA7,3.63467E+17,TVDeals4u
http://twitter.com/susansmith365,http://twitter.com/susansmith365/statuses/371578778008297475,2013-08-25T10:24:18Z,2,9,8,,,US,Los Angeles,,Oreck Commercial CCPK8DW Type CC High Filtration Genuine Celoc Filter Vacuum Bag for XL Model Vacuum... http://t.co/Y6xGqNNSpd #Industrial,3.71579E+17,susan smith
http://twitter.com/lilysmith365,http://twitter.com/lilysmith365/statuses/371900728853684224,2013-08-26T07:43:38Z,2,6,2,,,US,Los Angeles,,Oreck Commercial CCPK8DW Type CC High Filtration Genuine Celoc Filter Vacuum Bag for XL Model Vacuum... http://t.co/6X7e8CesWv #Industrial,3.71901E+17,Lilysmith
http://twitter.com/lindasmith365,http://twitter.com/lindasmith365/statuses/364285916388392960,2013-08-05T07:25:05Z,4,43,1,,,US,Los Angeles,,Oreck Commercial CCPK8DW Type CC High Filtration Genuine Celoc Filter Vacuum Bag for XL Model Vacuum... http://t.co/Pu5dplBo93 #Industrial,3.64286E+17,fashionshoesshop
http://twitter.com/oreck,http://twitter.com/oreck/statuses/397796946129063936,2013-11-05T18:45:57Z,7,5559,216,,,US,"Nashville, TN",,Isn't that a great feeling? RT @10eyeuhR It's amazing what a vacuum can do #myapartmentisclean,3.97797E+17,Oreck
http://twitter.com/thesofaco,http://twitter.com/thesofaco/statuses/364521635032096768,2013-08-05T23:01:44Z,5,1485,2000,,,US,"Los Angeles, CA",,Check out this cool gas station in cerritos  ca designed by Kevin Oreck @interior_design http://t.co/d9kAfkB8Tc,3.64522E+17,The Sofa Company
http://twitter.com/lindasmith365,http://twitter.com/lindasmith365/statuses/366455718318047233,2013-08-11T07:07:06Z,4,43,1,,,US,Los Angeles,,Oreck Commercial CCPK8DW Type CC High Filtration Genuine Celoc Filter Vacuum Bag for XL Model Vacuum... http://t.co/Fw1x9jP71Q #Industrial,3.66456E+17,fashionshoesshop
http://twitter.com/lilysmith365,http://twitter.com/lilysmith365/statuses/371168524531556353,2013-08-24T07:14:06Z,2,6,2,,,US,Los Angeles,,Oreck Commercial CCPK8DW Type CC High Filtration Genuine Celoc Filter Vacuum Bag for XL Model Vacuum... http://t.co/49qvBFU0pR #Industrial,3.71169E+17,Lilysmith
http://twitter.com/hardaspie,http://twitter.com/HardAspie/statuses/401916717485416448,2013-11-17T03:36:27Z,6,1761,729,,,US,"Cornville, AZ",,@Joesff Mine has! a 10 year old hand me up. And it is as good as Dave Oreck said.,4.01917E+17,Laura Nagle
http://twitter.com/blake8358,http://twitter.com/blake8358/statuses/347888123797204992,2013-06-21T01:26:06Z,5,490,535,,,US,nashville tn,,I call her Oreck cus she succs soo good!!,3.47888E+17,blake
http://twitter.com/lindasmith365,http://twitter.com/lindasmith365/statuses/370118124202229762,2013-08-21T09:40:11Z,4,43,1,,,US,Los Angeles,,Oreck Commercial CCPK8DW Type CC High Filtration Genuine Celoc Filter Vacuum Bag for XL Model Vacuum... http://t.co/GBMthqs6Gq #Industrial,3.70118E+17,fashionshoesshop
http://twitter.com/doggeek,http://twitter.com/doggeek/statuses/345246425015259137,2013-06-13T18:28:56Z,7,6340,1675,,,US,US,,RT @oreck Great tip on vacuuming to help get rid of fleas! RT: @DogGeek Cheap Ways to Prevent Fleas http://t.co/KvZ5GLV6fW,3.45246E+17,DogGeek.com
http://twitter.com/rhimechicagogrl,http://twitter.com/RhimeChicagoGrl/statuses/363497395666944001,2013-08-03T03:11:47Z,5,499,195,,,US,US,,#BestSeller #5: Oreck Commercial CCPK8DW Type CC High Filtration Genuine Celoc Filter Vacuum Bag for XL Model... http://t.co/GtsuO6QQZa,3.63497E+17,Rhime Chicago Girl
http://twitter.com/oreck,http://twitter.com/oreck/statuses/401479649869307904,2013-11-15T22:39:42Z,7,5559,216,,,US,"Nashville, TN",,We understand. RT @Heather_Brent Something about vacuum lines that make me so happy ðŸ˜Š #ocdprobs http://t.co/frUk9Rfg5P,4.0148E+17,Oreck
http://twitter.com/lindasmith365,http://twitter.com/lindasmith365/statuses/367907523547783168,2013-08-15T07:16:03Z,4,43,1,,,US,Los Angeles,,Oreck Commercial CCPK8DW Type CC High Filtration Genuine Celoc Filter Vacuum Bag for XL Model Vacuum... http://t.co/J1jp5UKLSw #Industrial,3.67908E+17,fashionshoesshop
http://twitter.com/lilysmith365,http://twitter.com/lilysmith365/statuses/367907834433765378,2013-08-15T07:17:17Z,2,6,2,,,US,Los Angeles,,Oreck Commercial CCPK8DW Type CC High Filtration Genuine Celoc Filter Vacuum Bag for XL Model Vacuum... http://t.co/ztNUh8liyO #Industrial,3.67908E+17,Lilysmith
http://twitter.com/lilysmith365,http://twitter.com/lilysmith365/statuses/364282204941070336,2013-08-05T07:10:20Z,2,6,2,,,US,Los Angeles,,Oreck Commercial CCPK8DW Type CC High Filtration Genuine Celoc Filter Vacuum Bag for XL Model Vacuum... http://t.co/7ABF0oFLx3 #Industrial,3.64282E+17,Lilysmith
http://twitter.com/susansmith365,http://twitter.com/susansmith365/statuses/366822881000296448,2013-08-12T07:26:04Z,2,9,8,,,US,Los Angeles,,Oreck Commercial CCPK8DW Type CC High Filtration Genuine Celoc Filter Vacuum Bag for XL Model Vacuum... http://t.co/DA23aKNXNi #Industrial,3.66823E+17,susan smith
http://twitter.com/lindasmith365,http://twitter.com/lindasmith365/statuses/370450305562836992,2013-08-22T07:40:10Z,4,43,1,,,US,Los Angeles,,Oreck Commercial CCPK8DW Type CC High Filtration Genuine Celoc Filter Vacuum Bag for XL Model Vacuum... http://t.co/8HJXoWlAdG #Industrial,3.7045E+17,fashionshoesshop
http://twitter.com/doggeek,http://twitter.com/doggeek/statuses/367092132130992129,2013-08-13T01:15:59Z,7,6340,1675,,,US,US,,RT @oreck Only a few more hours left for http://t.co/3iZ5qt0xsS 25% off steam mops from Oreck that are great for hardwood floors,3.67092E+17,DogGeek.com
http://twitter.com/lilysmith365,http://twitter.com/lilysmith365/statuses/370083863206182912,2013-08-21T07:24:03Z,2,6,2,,,US,Los Angeles,,Oreck Commercial CCPK8DW Type CC High Filtration Genuine Celoc Filter Vacuum Bag for XL Model Vacuum... http://t.co/r2BfGo2qWq #Industrial,3.70084E+17,Lilysmith
http://twitter.com/susansmith365,http://twitter.com/susansmith365/statuses/370158355454496768,2013-08-21T12:20:03Z,2,9,8,,,US,Los Angeles,,Oreck Commercial CCPK8DW Type CC High Filtration Genuine Celoc Filter Vacuum Bag for XL Model Vacuum... http://t.co/idyDy3CqmL #Industrial,3.70158E+17,susan smith
http://twitter.com/susansmith365,http://twitter.com/susansmith365/statuses/365370056454049793,2013-08-08T07:13:04Z,2,9,8,,,US,Los Angeles,,Oreck Commercial CCPK8DW Type CC High Filtration Genuine Celoc Filter Vacuum Bag for XL Model Vacuum... http://t.co/BcR81DXMKU #Industrial,3.6537E+17,susan smith
http://twitter.com/isthisben,http://twitter.com/isthisben/statuses/360876820150759424,2013-07-26T21:38:33Z,5,434,418,,,US,"Los Angeles, CA",,what does it say about me that I'd be just as happy getting a Oreck vacuum for Christmas as any other electronic or gadget?,3.60877E+17,Ben Idom
http://twitter.com/lilysmith365,http://twitter.com/lilysmith365/statuses/367980379296129025,2013-08-15T12:05:33Z,2,6,2,,,US,Los Angeles,,Oreck Commercial CCPK8DW Type CC High Filtration Genuine Celoc Filter Vacuum Bag for XL Model Vacuum... http://t.co/uVXJhbo4DJ #Industrial,3.6798E+17,Lilysmith
http://twitter.com/lindasmith365,http://twitter.com/lindasmith365/statuses/363631223588917249,2013-08-03T12:03:34Z,4,43,1,,,US,Los Angeles,,Oreck Commercial CCPK8DW Type CC High Filtration Genuine Celoc Filter Vacuum Bag for XL Model Vacuum... http://t.co/kKmBAApmex #Industrial,3.63631E+17,fashionshoesshop
http://twitter.com/lilysmith365,http://twitter.com/lilysmith365/statuses/363634676570656768,2013-08-03T12:17:17Z,2,6,2,,,US,Los Angeles,,Oreck Commercial CCPK8DW Type CC High Filtration Genuine Celoc Filter Vacuum Bag for XL Model Vacuum... http://t.co/3tPvIlv5HT #Industrial,3.63635E+17,Lilysmith
http://twitter.com/listfishernc,http://twitter.com/ListFisherNC/statuses/377341884915400704,2013-09-10T08:04:50Z,0,1,0,,,US,"North Carolina, USA",,Oreck Vacuums: A Good Must As Part Of Your Upkeep Of Equipment (Lamlash) http://t.co/52eVRSfZdR,3.77342E+17,ListFisher
http://twitter.com/amandaridler,http://twitter.com/AmandaRidler/statuses/393418966833848320,2013-10-24T16:49:25Z,5,924,1533,,,US,"Orlando, Florida",,RT @doggeek 20% off Steam Mops from @Oreck http://t.co/lJ4Njai3I6 Great for #Pet messes,3.93419E+17,Amanda Ridler
http://twitter.com/lauriejanechamb,http://twitter.com/LaurieJaneChamb/statuses/357487593576873985,2013-07-17T13:10:58Z,3,87,397,,,US,LaLaLand / Delaware,,"Laziest thing I've done all summer (besides spending the good part of a day in my bed)... I used my #Oreck to ""sweep"" my garage. #lazy",3.57488E+17,Laurie
http://twitter.com/susansmith365,http://twitter.com/susansmith365/statuses/369756806072901632,2013-08-20T09:44:26Z,2,9,8,,,US,Los Angeles,,Oreck Commercial CCPK8DW Type CC High Filtration Genuine Celoc Filter Vacuum Bag for XL Model Vacuum... http://t.co/aR8tZDmfUQ #Industrial,3.69757E+17,susan smith
http://twitter.com/susansmith365,http://twitter.com/susansmith365/statuses/367185779216228353,2013-08-13T07:28:06Z,2,9,8,,,US,Los Angeles,,Oreck Commercial CCPK8DW Type CC High Filtration Genuine Celoc Filter Vacuum Bag for XL Model Vacuum... http://t.co/37i01hbeL7 #Industrial,3.67186E+17,susan smith
http://twitter.com/andy216,http://twitter.com/Andy216/statuses/382946853899096066,2013-09-25T19:16:59Z,6,3297,2907,,,US,"Cleveland, OH",,Ever wonder how many miles you've vacuumed? Oreck has a cool app that helps give you a guess: https://t.co/lhe7bWj78d,3.82947E+17,Andy Netzel
http://twitter.com/concep_katie,http://twitter.com/Concep_Katie/statuses/357180160186908678,2013-07-16T16:49:20Z,4,378,1943,,,US,"London, New York, Sydney",,"Diana Oreck: ""Great service is not robotic and scripted"" #lmamkt @concepglobal",3.5718E+17,Katie O'Rourke
http://twitter.com/lindasmith365,http://twitter.com/lindasmith365/statuses/371530900166541312,2013-08-25T07:14:03Z,4,43,1,,,US,Los Angeles,,Oreck Commercial CCPK8DW Type CC High Filtration Genuine Celoc Filter Vacuum Bag for XL Model Vacuum... http://t.co/74n4awfcU0 #Industrial,3.71531E+17,fashionshoesshop
http://twitter.com/susansmith365,http://twitter.com/susansmith365/statuses/367181235879022593,2013-08-13T07:10:03Z,2,9,8,,,US,Los Angeles,,Oreck Commercial CCPK8DW Type CC High Filtration Genuine Celoc Filter Vacuum Bag for XL Model Vacuum... http://t.co/lJefUj9jC8 #Industrial,3.67181E+17,susan smith
http://twitter.com/lilysmith365,http://twitter.com/lilysmith365/statuses/371896746126741504,2013-08-26T07:27:48Z,2,6,2,,,US,Los Angeles,,Oreck Commercial CCPK8DW Type CC High Filtration Genuine Celoc Filter Vacuum Bag for XL Model Vacuum... http://t.co/igmXntbIJM #Industrial,3.71897E+17,Lilysmith
http://twitter.com/oreck,http://twitter.com/oreck/statuses/345228263272116224,2013-06-13T17:16:46Z,7,5559,216,,,US,"Nashville, TN",,Great tip on vacuuming to help get rid of fleas! RT: @DogGeek Cheap Ways to Prevent Fleas http://t.co/KvZ5GLV6fW,3.45228E+17,Oreck
http://twitter.com/floorcarecom,http://twitter.com/floorcarecom/statuses/344084287592755200,2013-06-10T13:31:01Z,4,662,1997,,,US,"Fort Lee, NJ",,"Free shipping on the Oreck ""Sweep-N-Go"". Great for quick cleanups in restaurants and offices.... http://t.co/A96oPZQMDt",3.44084E+17,Floorcare.com
http://twitter.com/lindasmith365,http://twitter.com/lindasmith365/statuses/368315907216400384,2013-08-16T10:18:49Z,4,43,1,,,US,Los Angeles,,Oreck Commercial CCPK8DW Type CC High Filtration Genuine Celoc Filter Vacuum Bag for XL Model Vacuum... http://t.co/UsgJ4ozAVx #Industrial,3.68316E+17,fashionshoesshop
http://twitter.com/susansmith365,http://twitter.com/susansmith365/statuses/371534721055875072,2013-08-25T07:29:14Z,2,9,8,,,US,Los Angeles,,Oreck Commercial CCPK8DW Type CC High Filtration Genuine Celoc Filter Vacuum Bag for XL Model Vacuum... http://t.co/27GqTwW0e6 #Industrial,3.71535E+17,susan smith
http://twitter.com/superpinterest,http://twitter.com/SuperPinterest/statuses/392042232356016128,2013-10-20T21:38:46Z,4,186,501,,,US,"Dallas, Texas",,Oreck high filtration genuine Celoc filter bag  type CC for uprights with bag docking system. Fits o http://t.co/747RPzQjm1,3.92042E+17,Super Pinterest
http://twitter.com/lindasmith365,http://twitter.com/lindasmith365/statuses/366526417460137984,2013-08-11T11:48:02Z,4,43,1,,,US,Los Angeles,,Oreck Commercial CCPK8DW Type CC High Filtration Genuine Celoc Filter Vacuum Bag for XL Model Vacuum... http://t.co/D6H3b6kFAy #Industrial,3.66526E+17,fashionshoesshop
http://twitter.com/susansmith365,http://twitter.com/susansmith365/statuses/363626633518784512,2013-08-03T11:45:19Z,2,9,8,,,US,Los Angeles,,Oreck Commercial CCPK8DW Type CC High Filtration Genuine Celoc Filter Vacuum Bag for XL Model Vacuum... http://t.co/rhx4AnByZV #Industrial,3.63627E+17,susan smith
http://twitter.com/lindasmith365,http://twitter.com/lindasmith365/statuses/367979324768415744,2013-08-15T12:01:22Z,4,43,1,,,US,Los Angeles,,Oreck Commercial CCPK8DW Type CC High Filtration Genuine Celoc Filter Vacuum Bag for XL Model Vacuum... http://t.co/1PyuS92PV4 #Industrial,3.67979E+17,fashionshoesshop
http://twitter.com/lilysmith365,http://twitter.com/lilysmith365/statuses/368270801062998017,2013-08-16T07:19:35Z,2,6,2,,,US,Los Angeles,,Oreck Commercial CCPK8DW Type CC High Filtration Genuine Celoc Filter Vacuum Bag for XL Model Vacuum... http://t.co/q5wRvjfG4f #Industrial,3.68271E+17,Lilysmith
http://twitter.com/lindasmith365,http://twitter.com/lindasmith365/statuses/365370112158597121,2013-08-08T07:13:17Z,4,43,1,,,US,Los Angeles,,Oreck Commercial CCPK8DW Type CC High Filtration Genuine Celoc Filter Vacuum Bag for XL Model Vacuum... http://t.co/qR0Cdxph6V #Industrial,3.6537E+17,fashionshoesshop
http://twitter.com/jadieko,http://twitter.com/jadieko/statuses/357628225180008448,2013-07-17T22:29:47Z,5,308,161,,,US,"Lake City, FL",,"@neamand Sounds like an alien out of a young adult SF novel. ""Humanity never forgot the day the Oreck came. Those that survived  anyway.""",3.57628E+17,Jadielyn
http://twitter.com/doggeek,http://twitter.com/doggeek/statuses/386299781993476096,2013-10-05T01:20:19Z,7,6340,1675,,,US,US,,$100 off the Oreck Versavac Bagless Vacuum Cleaner and Steam Mop. Great for pet messes http://t.co/hnT8BkqK1m,3.863E+17,DogGeek.com
http://twitter.com/lilysmith365,http://twitter.com/lilysmith365/statuses/368346924123820032,2013-08-16T12:22:04Z,2,6,2,,,US,Los Angeles,,Oreck Commercial CCPK8DW Type CC High Filtration Genuine Celoc Filter Vacuum Bag for XL Model Vacuum... http://t.co/84ndnnhU5K #Industrial,3.68347E+17,Lilysmith
http://twitter.com/amazon_________,http://twitter.com/amazon_________/statuses/363504028220522496,2013-08-03T03:38:08Z,8,12585,11072,,,US,usa,,Oreck Commercial CCPK8DW Type CC High Filtration Genuine Celoc Filter Vacuum Bag for XL Model Vacuum Cleaners ... http://t.co/i5gfkcOUbe,3.63504E+17,Amazon.com
http://twitter.com/oreck,http://twitter.com/oreck/statuses/402989857598763008,2013-11-20T02:40:43Z,7,5559,216,,,US,"Nashville, TN",,@lovemyoreck Your store looks great  Andy!,4.0299E+17,Oreck
http://twitter.com/susansmith365,http://twitter.com/susansmith365/statuses/367218672080650240,2013-08-13T09:38:48Z,2,9,8,,,US,Los Angeles,,Oreck Commercial CCPK8DW Type CC High Filtration Genuine Celoc Filter Vacuum Bag for XL Model Vacuum... http://t.co/P1wSiJbVBS #Industrial,3.67219E+17,susan smith
http://twitter.com/susansmith365,http://twitter.com/susansmith365/statuses/366860374076702721,2013-08-12T09:55:03Z,2,9,8,,,US,Los Angeles,,Oreck Commercial CCPK8DW Type CC High Filtration Genuine Celoc Filter Vacuum Bag for XL Model Vacuum... http://t.co/czTCvWbWZc #Industrial,3.6686E+17,susan smith
http://twitter.com/oreck,http://twitter.com/oreck/statuses/351745844640366594,2013-07-01T16:55:19Z,7,5559,216,,,US,"Nashville, TN",,Beat the dog days of summer with this cool offer! Up to 20% off online purchases: http://t.co/mNDUxVjnmy,3.51746E+17,Oreck
http://twitter.com/julvincarpet,http://twitter.com/JulVinCarpet/statuses/399987365680136192,2013-11-11T19:49:54Z,1,25,194,,,US,"Clayton, NC",,@oreck we estimate 1 million given JulVin's happy RDT customer base,3.99987E+17,Vincent DeLongis
http://twitter.com/susansmith365,http://twitter.com/susansmith365/statuses/366138638330904576,2013-08-10T10:07:08Z,2,9,8,,,US,Los Angeles,,Oreck Commercial CCPK8DW Type CC High Filtration Genuine Celoc Filter Vacuum Bag for XL Model Vacuum... http://t.co/pf0Qjy4D23 #Industrial,3.66139E+17,susan smith
http://twitter.com/susansmith365,http://twitter.com/susansmith365/statuses/371896772991672320,2013-08-26T07:27:54Z,2,9,8,,,US,Los Angeles,,Oreck Commercial CCPK8DW Type CC High Filtration Genuine Celoc Filter Vacuum Bag for XL Model Vacuum... http://t.co/qV6rXSV3kF #Industrial,3.71897E+17,susan smith
http://twitter.com/lilysmith365,http://twitter.com/lilysmith365/statuses/363920948262477825,2013-08-04T07:14:50Z,2,6,2,,,US,Los Angeles,,Oreck Commercial CCPK8DW Type CC High Filtration Genuine Celoc Filter Vacuum Bag for XL Model Vacuum... http://t.co/fgAXV7gtjP #Industrial,3.63921E+17,Lilysmith
http://twitter.com/lilysmith365,http://twitter.com/lilysmith365/statuses/369788803059171328,2013-08-20T11:51:35Z,2,6,2,,,US,Los Angeles,,Oreck Commercial CCPK8DW Type CC High Filtration Genuine Celoc Filter Vacuum Bag for XL Model Vacuum... http://t.co/jAibBLwT2T #Industrial,3.69789E+17,Lilysmith
http://twitter.com/oreckofutah,http://twitter.com/OreckofUtah/statuses/383668307326668801,2013-09-27T19:03:47Z,4,348,946,,,US,"Wasatch Front, Utah",,The cold is coming.. great deals on all infrared heaters at Oreck of Utah South Jordan  SLC  Orem  Layton. http://t.co/ULc24yKhCA,3.83668E+17,Oreck Of Utah
http://twitter.com/martiferg,http://twitter.com/martiferg/statuses/395572452652482561,2013-10-30T15:26:36Z,7,4571,4901,,,US,New Jersey,,@ivillage I want to ask for Wicked Tickets but my @oreck just stopped working so in need of a good vaccuum ;( #yourwishisourcommand,3.95572E+17,Martina
http://twitter.com/lindasmith365,http://twitter.com/lindasmith365/statuses/370442733267075073,2013-08-22T07:10:04Z,4,43,1,,,US,Los Angeles,,Oreck Commercial CCPK8DW Type CC High Filtration Genuine Celoc Filter Vacuum Bag for XL Model Vacuum... http://t.co/5PTkv4MzkB #Industrial,3.70443E+17,fashionshoesshop
http://twitter.com/lma_ny,http://twitter.com/LMA_NY/statuses/357180975312142336,2013-07-16T16:52:35Z,4,377,289,,,US,"New York, NY",,"RT @Concep_Katie Diana Oreck: ""Great service is not robotic and scripted"" #lmamkt @concepglobal",3.57181E+17,LMA Metro New York
http://twitter.com/cnettv,http://twitter.com/CNETTV/statuses/388771277596798976,2013-10-11T21:01:10Z,9,27685,47,,,US,"San Francisco, CA",,Oreck Touch Bagless Vacuum Cleaner sucks (in a good way). http://t.co/O2XYEevnfa,3.88771E+17,CNET TV
http://twitter.com/lindasmith365,http://twitter.com/lindasmith365/statuses/367545340498415616,2013-08-14T07:16:52Z,4,43,1,,,US,Los Angeles,,Oreck Commercial CCPK8DW Type CC High Filtration Genuine Celoc Filter Vacuum Bag for XL Model Vacuum... http://t.co/4U97mgIGpq #Industrial,3.67545E+17,fashionshoesshop
http://twitter.com/susansmith365,http://twitter.com/susansmith365/statuses/370451054753611776,2013-08-22T07:43:08Z,2,9,8,,,US,Los Angeles,,Oreck Commercial CCPK8DW Type CC High Filtration Genuine Celoc Filter Vacuum Bag for XL Model Vacuum... http://t.co/v9UyUEPMux #Industrial,3.70451E+17,susan smith
http://twitter.com/susansmith365,http://twitter.com/susansmith365/statuses/371900720582111232,2013-08-26T07:43:36Z,2,9,8,,,US,Los Angeles,,Oreck Commercial CCPK8DW Type CC High Filtration Genuine Celoc Filter Vacuum Bag for XL Model Vacuum... http://t.co/0QSxL2AqEw #Industrial,3.71901E+17,susan smith
http://twitter.com/djgestampft,http://twitter.com/DJGestampft/statuses/397757864670162944,2013-11-05T16:10:39Z,8,31278,30381,,,US,"The Sunshine State, USA",,Oreck Model is the answer. What jobs would Obama would be good at?,3.97758E+17,Stephen Stephan
http://twitter.com/lindasmith365,http://twitter.com/lindasmith365/statuses/368278789089792000,2013-08-16T07:51:20Z,4,43,1,,,US,Los Angeles,,Oreck Commercial CCPK8DW Type CC High Filtration Genuine Celoc Filter Vacuum Bag for XL Model Vacuum... http://t.co/MTNhR5ieK1 #Industrial,3.68279E+17,fashionshoesshop
http://twitter.com/lindasmith365,http://twitter.com/lindasmith365/statuses/366459233497120769,2013-08-11T07:21:04Z,4,43,1,,,US,Los Angeles,,Oreck Commercial CCPK8DW Type CC High Filtration Genuine Celoc Filter Vacuum Bag for XL Model Vacuum... http://t.co/YhBilzO9zl #Industrial,3.66459E+17,fashionshoesshop
http://twitter.com/lindasmith365,http://twitter.com/lindasmith365/statuses/366130627801645056,2013-08-10T09:35:18Z,4,43,1,,,US,Los Angeles,,Oreck Commercial CCPK8DW Type CC High Filtration Genuine Celoc Filter Vacuum Bag for XL Model Vacuum... http://t.co/3BaoP1wZGy #Industrial,3.66131E+17,fashionshoesshop
http://twitter.com/lindasmith365,http://twitter.com/lindasmith365/statuses/366858363029561344,2013-08-12T09:47:04Z,4,43,1,,,US,Los Angeles,,Oreck Commercial CCPK8DW Type CC High Filtration Genuine Celoc Filter Vacuum Bag for XL Model Vacuum... http://t.co/ekiWeaUi5y #Industrial,3.66858E+17,fashionshoesshop
http://twitter.com/susansmith365,http://twitter.com/susansmith365/statuses/366092884375646208,2013-08-10T07:05:19Z,2,9,8,,,US,Los Angeles,,Oreck Commercial CCPK8DW Type CC High Filtration Genuine Celoc Filter Vacuum Bag for XL Model Vacuum... http://t.co/4XXnjHuWfL #Industrial,3.66093E+17,susan smith
http://twitter.com/lindasmith365,http://twitter.com/lindasmith365/statuses/371172592482136064,2013-08-24T07:30:16Z,4,43,1,,,US,Los Angeles,,Oreck Commercial CCPK8DW Type CC High Filtration Genuine Celoc Filter Vacuum Bag for XL Model Vacuum... http://t.co/olsDqluzY8 #Industrial,3.71173E+17,fashionshoesshop
http://twitter.com/susansmith365,http://twitter.com/susansmith365/statuses/366819102762864640,2013-08-12T07:11:03Z,2,9,8,,,US,Los Angeles,,Oreck Commercial CCPK8DW Type CC High Filtration Genuine Celoc Filter Vacuum Bag for XL Model Vacuum... http://t.co/oO8bGvX8tq #Industrial,3.66819E+17,susan smith
http://twitter.com/natmmom,http://twitter.com/natmmom/statuses/360887155767246852,2013-07-26T22:19:37Z,7,3200,2454,,,US,MI,,more cool ones @hooverclean @oreck @OneConcierge @deximusa @epsonAmerica @priceGrabber @HotelCoupons @TELEFLORA @PUREVIA @Miramax #FF,3.60887E+17,Diane B
http://twitter.com/lindasmith365,http://twitter.com/lindasmith365/statuses/369788802522304512,2013-08-20T11:51:35Z,4,43,1,,,US,Los Angeles,,Oreck Commercial CCPK8DW Type CC High Filtration Genuine Celoc Filter Vacuum Bag for XL Model Vacuum... http://t.co/rCi4Ifljf5 #Industrial,3.69789E+17,fashionshoesshop
http://twitter.com/katiesheadesign,http://twitter.com/katiesheadesign/statuses/365880560691847168,2013-08-09T17:01:38Z,9,71071,28954,,,US,NYC Area,,Happy #FF @united  @PghAuto  @VerizonSupport  @carolyn  @GoogleTravel  @LittleTikes  @Verizon  @oreck  @ABC7NYNewsDesk  @VSPC,3.65881E+17,Kathleen DeCosmo
http://twitter.com/susansmith365,http://twitter.com/susansmith365/statuses/371168554109771776,2013-08-24T07:14:13Z,2,9,8,,,US,Los Angeles,,Oreck Commercial CCPK8DW Type CC High Filtration Genuine Celoc Filter Vacuum Bag for XL Model Vacuum... http://t.co/nYHCMOb5uy #Industrial,3.71169E+17,susan smith
http://twitter.com/lindasmith365,http://twitter.com/lindasmith365/statuses/371581363494715392,2013-08-25T10:34:35Z,4,43,1,,,US,Los Angeles,,Oreck Commercial CCPK8DW Type CC High Filtration Genuine Celoc Filter Vacuum Bag for XL Model Vacuum... http://t.co/oznzbg633Q #Industrial,3.71581E+17,fashionshoesshop
http://twitter.com/rightwingtips,http://twitter.com/RightWingTips/statuses/397759886391386112,2013-11-05T16:18:41Z,7,3409,2592,,,US,"Hobbs, NM",,RT @DJGestampft Oreck Model is the answer. What jobs would Obama would be good at?,3.9776E+17,Matt RightWingTips
http://twitter.com/lindasmith365,http://twitter.com/lindasmith365/statuses/367556777795014656,2013-08-14T08:02:19Z,4,43,1,,,US,Los Angeles,,Oreck Commercial CCPK8DW Type CC High Filtration Genuine Celoc Filter Vacuum Bag for XL Model Vacuum... http://t.co/rCkdjFyG85 #Industrial,3.67557E+17,fashionshoesshop
http://twitter.com/billtroj,http://twitter.com/billtroj/statuses/360882300650655744,2013-07-26T22:00:20Z,4,128,328,,,US,NJ/NY,,@isthisben that oreck offers some great tube suction attachments for their vacuums?,3.60882E+17,Bill T
http://twitter.com/lilysmith365,http://twitter.com/lilysmith365/statuses/371534744619470848,2013-08-25T07:29:20Z,2,6,2,,,US,Los Angeles,,Oreck Commercial CCPK8DW Type CC High Filtration Genuine Celoc Filter Vacuum Bag for XL Model Vacuum... http://t.co/Dwy4QHrhjf #Industrial,3.71535E+17,Lilysmith
http://twitter.com/lilysmith365,http://twitter.com/lilysmith365/statuses/366822890626232323,2013-08-12T07:26:07Z,2,6,2,,,US,Los Angeles,,Oreck Commercial CCPK8DW Type CC High Filtration Genuine Celoc Filter Vacuum Bag for XL Model Vacuum... http://t.co/t9xLYxJHLL #Industrial,3.66823E+17,Lilysmith
http://twitter.com/lindasmith365,http://twitter.com/lindasmith365/statuses/366096860810719232,2013-08-10T07:21:08Z,4,43,1,,,US,Los Angeles,,Oreck Commercial CCPK8DW Type CC High Filtration Genuine Celoc Filter Vacuum Bag for XL Model Vacuum... http://t.co/VT7X2X2dp3 #Industrial,3.66097E+17,fashionshoesshop
http://twitter.com/lindasmith365,http://twitter.com/lindasmith365/statuses/371534734897074176,2013-08-25T07:29:18Z,4,43,1,,,US,Los Angeles,,Oreck Commercial CCPK8DW Type CC High Filtration Genuine Celoc Filter Vacuum Bag for XL Model Vacuum... http://t.co/WkiGsyFNG3 #Industrial,3.71535E+17,fashionshoesshop
http://twitter.com/lilysmith365,http://twitter.com/lilysmith365/statuses/364289690548965378,2013-08-05T07:40:05Z,2,6,2,,,US,Los Angeles,,Oreck Commercial CCPK8DW Type CC High Filtration Genuine Celoc Filter Vacuum Bag for XL Model Vacuum... http://t.co/2WOIn2KYdX #Industrial,3.6429E+17,Lilysmith
http://twitter.com/lilysmith365,http://twitter.com/lilysmith365/statuses/371172590485655552,2013-08-24T07:30:16Z,2,6,2,,,US,Los Angeles,,Oreck Commercial CCPK8DW Type CC High Filtration Genuine Celoc Filter Vacuum Bag for XL Model Vacuum... http://t.co/mgdHdg2TZO #Industrial,3.71173E+17,Lilysmith
http://twitter.com/donkpower,http://twitter.com/Donkpower/statuses/352915091475275777,2013-07-04T22:21:29Z,1,6,33,,,US,Oh,,@ThaSoberness @Kyokushin_way yea some medic spec in oreck or Bryce canyon or Holar Tower with the great Corp Philips,3.52915E+17,Roel Van Den Broeck
http://twitter.com/susansmith365,http://twitter.com/susansmith365/statuses/371892785676161025,2013-08-26T07:12:04Z,2,9,8,,,US,Los Angeles,,Oreck Commercial CCPK8DW Type CC High Filtration Genuine Celoc Filter Vacuum Bag for XL Model Vacuum... http://t.co/fAU6YH8gPH #Industrial,3.71893E+17,susan smith
http://twitter.com/susansmith365,http://twitter.com/susansmith365/statuses/366455768771338241,2013-08-11T07:07:18Z,2,9,8,,,US,Los Angeles,,Oreck Commercial CCPK8DW Type CC High Filtration Genuine Celoc Filter Vacuum Bag for XL Model Vacuum... http://t.co/YJw24YOl6E #Industrial,3.66456E+17,susan smith
http://twitter.com/susansmith365,http://twitter.com/susansmith365/statuses/366135279158968320,2013-08-10T09:53:47Z,2,9,8,,,US,Los Angeles,,Oreck Commercial CCPK8DW Type CC High Filtration Genuine Celoc Filter Vacuum Bag for XL Model Vacuum... http://t.co/Zdg57Hf3r8 #Industrial,3.66135E+17,susan smith
http://twitter.com/lindasmith365,http://twitter.com/lindasmith365/statuses/363565918279843841,2013-08-03T07:44:04Z,4,43,1,,,US,Los Angeles,,Oreck Commercial CCPK8DW Type CC High Filtration Genuine Celoc Filter Vacuum Bag for XL Model Vacuum... http://t.co/6GwSIAjzUq #Industrial,3.63566E+17,fashionshoesshop
http://twitter.com/loanmasseur,http://twitter.com/loanmasseur/statuses/355423366452215811,2013-07-11T20:28:28Z,1,22,28,,,US,"Nashville, TN",,Nashville company  great product 2  will Hoover close up shop? Hoover parent snaps up Oreck at auction http://t.co/tSUoUmuZVj via @USATODAY,3.55423E+17,Lance Dammeyer
http://twitter.com/lindasmith365,http://twitter.com/lindasmith365/statuses/368274385930420224,2013-08-16T07:33:50Z,4,43,1,,,US,Los Angeles,,Oreck Commercial CCPK8DW Type CC High Filtration Genuine Celoc Filter Vacuum Bag for XL Model Vacuum... http://t.co/acFpLwBl1S #Industrial,3.68274E+17,fashionshoesshop
http://twitter.com/lilysmith365,http://twitter.com/lilysmith365/statuses/366459167323590657,2013-08-11T07:20:48Z,2,6,2,,,US,Los Angeles,,Oreck Commercial CCPK8DW Type CC High Filtration Genuine Celoc Filter Vacuum Bag for XL Model Vacuum... http://t.co/3WPaJ0wcMm #Industrial,3.66459E+17,Lilysmith
http://twitter.com/atomicdogradio,http://twitter.com/AtomicDogRadio/statuses/378269429450412032,2013-09-12T21:30:34Z,3,131,205,,,US,Southern California,,Fun show scheduled tonight!!! Join us  along with the wonderful Elizabeth Oreck of Best Friends  as debate and... http://t.co/gniKeIQgy1,3.78269E+17,Atomic Dog Radio
http://twitter.com/biznes_news,http://twitter.com/biznes_news/statuses/344407962456051713,2013-06-11T10:57:11Z,6,2851,2720,,,US,USA,,4 Genuine Oreck CC Upright Vacuum Bags http://t.co/1G0i32BDdy,3.44408E+17,Biznes News
http://twitter.com/lilysmith365,http://twitter.com/lilysmith365/statuses/366818994277199873,2013-08-12T07:10:38Z,2,6,2,,,US,Los Angeles,,Oreck Commercial CCPK8DW Type CC High Filtration Genuine Celoc Filter Vacuum Bag for XL Model Vacuum... http://t.co/kg5hiv9ACy #Industrial,3.66819E+17,Lilysmith
http://twitter.com/susansmith365,http://twitter.com/susansmith365/statuses/366498676727750657,2013-08-11T09:57:48Z,2,9,8,,,US,Los Angeles,,Oreck Commercial CCPK8DW Type CC High Filtration Genuine Celoc Filter Vacuum Bag for XL Model Vacuum... http://t.co/80W3UHALvO #Industrial,3.66499E+17,susan smith
http://twitter.com/lindasmith365,http://twitter.com/lindasmith365/statuses/371896746730729472,2013-08-26T07:27:48Z,4,43,1,,,US,Los Angeles,,Oreck Commercial CCPK8DW Type CC High Filtration Genuine Celoc Filter Vacuum Bag for XL Model Vacuum... http://t.co/Gb5PkAaQyh #Industrial,3.71897E+17,fashionshoesshop
http://twitter.com/onlinedcom,http://twitter.com/OnlinedCom/statuses/388482642460409857,2013-10-11T01:54:14Z,5,296,35,,,US,US,,Oreck Touch Bagless Vacuum Cleaner: Editor's Rating: User Rating: Good: The Oreck Touch is a powerful pe... http://t.co/Pig2CttxLG #tech,3.88483E+17,Onlined.Com
http://twitter.com/lindasmith365,http://twitter.com/lindasmith365/statuses/365373678340411392,2013-08-08T07:27:27Z,4,43,1,,,US,Los Angeles,,Oreck Commercial CCPK8DW Type CC High Filtration Genuine Celoc Filter Vacuum Bag for XL Model Vacuum... http://t.co/pvxykQrVlt #Industrial,3.65374E+17,fashionshoesshop
http://twitter.com/floorcarecom,http://twitter.com/floorcarecom/statuses/344809310985011200,2013-06-12T13:32:00Z,4,662,1997,,,US,"Fort Lee, NJ",,Sweepers are a great way to keep your sidewalks clear of lawn clippings  trash and dirt. Check out the Oreck PPS21... http://t.co/o3hzW84jSU,3.44809E+17,Floorcare.com
http://twitter.com/lilysmith365,http://twitter.com/lilysmith365/statuses/363558147924836352,2013-08-03T07:13:11Z,2,6,2,,,US,Los Angeles,,Oreck Commercial CCPK8DW Type CC High Filtration Genuine Celoc Filter Vacuum Bag for XL Model Vacuum... http://t.co/vrq6dm2vUI #Industrial,3.63558E+17,Lilysmith
http://twitter.com/lindasmith365,http://twitter.com/lindasmith365/statuses/366092820777418754,2013-08-10T07:05:04Z,4,43,1,,,US,Los Angeles,,Oreck Commercial CCPK8DW Type CC High Filtration Genuine Celoc Filter Vacuum Bag for XL Model Vacuum... http://t.co/jEs8bGkHtt #Industrial,3.66093E+17,fashionshoesshop
http://twitter.com/lilysmith365,http://twitter.com/lilysmith365/statuses/365373641120165888,2013-08-08T07:27:19Z,2,6,2,,,US,Los Angeles,,Oreck Commercial CCPK8DW Type CC High Filtration Genuine Celoc Filter Vacuum Bag for XL Model Vacuum... http://t.co/W2PoCXBHmH #Industrial,3.65374E+17,Lilysmith
http://twitter.com/lindasmith365,http://twitter.com/lindasmith365/statuses/370083865840218112,2013-08-21T07:24:04Z,4,43,1,,,US,Los Angeles,,Oreck Commercial CCPK8DW Type CC High Filtration Genuine Celoc Filter Vacuum Bag for XL Model Vacuum... http://t.co/Yfn6FRsAhu #Industrial,3.70084E+17,fashionshoesshop
http://twitter.com/finlandny,http://twitter.com/FinlandNY/statuses/405174859853860864,2013-11-26T03:23:09Z,5,1076,855,,,US,New York,,Thanks @ACGNYC & @helsinkiamb Bruce Oreck for tonight's event! Great to discuss #investment opportunties in #Finland with you! @usembfinland,4.05175E+17,Finland in New York
http://twitter.com/natmmom,http://twitter.com/natmmom/statuses/383660185987719168,2013-09-27T18:31:31Z,7,3200,2454,,,US,MI,,more cool ones @oreck @OneConcierge @deximusa @EpsonAmerica @PriceGrabber @HotelCoupons @TELEFLORA @PUREVIA @Miramax #FF @clark2368,3.8366E+17,Diane B
http://twitter.com/susansmith365,http://twitter.com/susansmith365/statuses/370447203774394368,2013-08-22T07:27:50Z,2,9,8,,,US,Los Angeles,,Oreck Commercial CCPK8DW Type CC High Filtration Genuine Celoc Filter Vacuum Bag for XL Model Vacuum... http://t.co/2P80eN2nw6 #Industrial,3.70447E+17,susan smith
http://twitter.com/lindasmith365,http://twitter.com/lindasmith365/statuses/367549222645534720,2013-08-14T07:32:18Z,4,43,1,,,US,Los Angeles,,Oreck Commercial CCPK8DW Type CC High Filtration Genuine Celoc Filter Vacuum Bag for XL Model Vacuum... http://t.co/HJOzmf7lZ9 #Industrial,3.67549E+17,fashionshoesshop
http://twitter.com/lilysmith365,http://twitter.com/lilysmith365/statuses/371892784812146688,2013-08-26T07:12:03Z,2,6,2,,,US,Los Angeles,,Oreck Commercial CCPK8DW Type CC High Filtration Genuine Celoc Filter Vacuum Bag for XL Model Vacuum... http://t.co/vXUNaWWbDQ #Industrial,3.71893E+17,Lilysmith
http://twitter.com/mom23bbg,http://twitter.com/mom23bbg/statuses/341965757309132801,2013-06-04T17:12:44Z,4,142,522,,,US,"Cleveland, TN",,Love  love  love my new @oreck it is nice to have a vaccum that actually sucks (in a good way) :) #getwhatyoupayfor #oreck #suctionpro,3.41966E+17,Karen McGrath
http://twitter.com/lindasmith365,http://twitter.com/lindasmith365/statuses/370125256691695616,2013-08-21T10:08:32Z,4,43,1,,,US,Los Angeles,,Oreck Commercial CCPK8DW Type CC High Filtration Genuine Celoc Filter Vacuum Bag for XL Model Vacuum... http://t.co/LhPexwb2UF #Industrial,3.70125E+17,fashionshoesshop
http://twitter.com/kingkristen91,http://twitter.com/kingkristen91/statuses/361196353080143872,2013-07-27T18:48:15Z,4,53,1,,,US,USA,,Oreck Hypo-Allergenic Genuine Celoc Filter Bags Type http://t.co/fjPM6rLgVo #mieleolympus #dysoncordlessvacuum,3.61196E+17,kristenking
http://twitter.com/oreck,http://twitter.com/oreck/statuses/346307222978056192,2013-06-16T16:44:10Z,7,5559,216,,,US,"Nashville, TN",,Happy Father's Day to all the dad's out there from everyone here at Oreck. http://t.co/DT8AmgTYrq To celebrate  take 20% off today only!,3.46307E+17,Oreck
http://twitter.com/lilysmith365,http://twitter.com/lilysmith365/statuses/363631223324688384,2013-08-03T12:03:34Z,2,6,2,,,US,Los Angeles,,Oreck Commercial CCPK8DW Type CC High Filtration Genuine Celoc Filter Vacuum Bag for XL Model Vacuum... http://t.co/PSlmyfgGUC #Industrial,3.63631E+17,Lilysmith
http://twitter.com/susansmith365,http://twitter.com/susansmith365/statuses/367589146530807808,2013-08-14T10:10:56Z,2,9,8,,,US,Los Angeles,,Oreck Commercial CCPK8DW Type CC High Filtration Genuine Celoc Filter Vacuum Bag for XL Model Vacuum... http://t.co/TxR79OV9Ig #Industrial,3.67589E+17,susan smith
http://twitter.com/lilysmith365,http://twitter.com/lilysmith365/statuses/367545329450639360,2013-08-14T07:16:49Z,2,6,2,,,US,Los Angeles,,Oreck Commercial CCPK8DW Type CC High Filtration Genuine Celoc Filter Vacuum Bag for XL Model Vacuum... http://t.co/pAqJ2RseEB #Industrial,3.67545E+17,Lilysmith
http://twitter.com/oreckofutah,http://twitter.com/OreckofUtah/statuses/355784441479708674,2013-07-12T20:23:15Z,4,348,946,,,US,"Wasatch Front, Utah",,DON'T FORGET OUR PRODUCT OF THE WEEK- ORECK GOLD. Great deals through Sat at all Utah oreck stores- Layton ... http://t.co/hepFANRfLA,3.55784E+17,Oreck Of Utah
http://twitter.com/oreck,http://twitter.com/oreck/statuses/403512093023801344,2013-11-21T13:15:54Z,7,5559,216,,,US,"Nashville, TN",,@kg1313 Can we help you in making a vacuum choice? We've got some great cleaners for any season. What are your cleaning needs?,4.03512E+17,Oreck
http://twitter.com/susansmith365,http://twitter.com/susansmith365/statuses/371222385141108736,2013-08-24T10:48:08Z,2,9,8,,,US,Los Angeles,,Oreck Commercial CCPK8DW Type CC High Filtration Genuine Celoc Filter Vacuum Bag for XL Model Vacuum... http://t.co/kvHf0Oxw4r #Industrial,3.71222E+17,susan smith
http://twitter.com/lindasmith365,http://twitter.com/lindasmith365/statuses/371578839530348544,2013-08-25T10:24:33Z,4,43,1,,,US,Los Angeles,,Oreck Commercial CCPK8DW Type CC High Filtration Genuine Celoc Filter Vacuum Bag for XL Model Vacuum... http://t.co/jGUTWMe3N1 #Industrial,3.71579E+17,fashionshoesshop
http://twitter.com/ursula4983,http://twitter.com/Ursula4983/statuses/399347285902884864,2013-11-10T01:26:27Z,4,134,128,,,US,"Riverside, CA",,@kiltlilt @TweetZWT Tile mostly  but I have a Oreck that works great!,3.99347E+17,Ulla
http://twitter.com/susansmith365,http://twitter.com/susansmith365/statuses/366863332545789954,2013-08-12T10:06:49Z,2,9,8,,,US,Los Angeles,,Oreck Commercial CCPK8DW Type CC High Filtration Genuine Celoc Filter Vacuum Bag for XL Model Vacuum... http://t.co/OWgvaWiLN2 #Industrial,3.66863E+17,susan smith
http://twitter.com/natmmom,http://twitter.com/natmmom/statuses/404012117503655936,2013-11-22T22:22:49Z,7,3200,2454,,,US,MI,,more cool ones @Helzberg @oreck @OneConcierge @deximusa @epsonAmerica @priceGrabber @HotelCoupons @TELEFLORA @PUREVIA @Miramax #FF,4.04012E+17,Diane B
http://twitter.com/susansmith365,http://twitter.com/susansmith365/statuses/371575084420304896,2013-08-25T10:09:38Z,2,9,8,,,US,Los Angeles,,Oreck Commercial CCPK8DW Type CC High Filtration Genuine Celoc Filter Vacuum Bag for XL Model Vacuum... http://t.co/1MswT08pv2 #Industrial,3.71575E+17,susan smith
http://twitter.com/oreckofutah,http://twitter.com/OreckofUtah/statuses/373901123532627968,2013-08-31T20:12:29Z,4,348,946,,,US,"Wasatch Front, Utah",,All Oreck of Utah stores will be open Monday  Come in for great labor day savings. http://t.co/JiXSr8GG0t,3.73901E+17,Oreck Of Utah
http://twitter.com/lilysmith365,http://twitter.com/lilysmith365/statuses/370080700235399168,2013-08-21T07:11:29Z,2,6,2,,,US,Los Angeles,,Oreck Commercial CCPK8DW Type CC High Filtration Genuine Celoc Filter Vacuum Bag for XL Model Vacuum... http://t.co/oxOKAj65rp #Industrial,3.70081E+17,Lilysmith
http://twitter.com/lindasmith365,http://twitter.com/lindasmith365/statuses/370080655226327040,2013-08-21T07:11:18Z,4,43,1,,,US,Los Angeles,,Oreck Commercial CCPK8DW Type CC High Filtration Genuine Celoc Filter Vacuum Bag for XL Model Vacuum... http://t.co/gdknm7GsHO #Industrial,3.70081E+17,fashionshoesshop
http://twitter.com/lindasmith365,http://twitter.com/lindasmith365/statuses/371168530390999040,2013-08-24T07:14:08Z,4,43,1,,,US,Los Angeles,,Oreck Commercial CCPK8DW Type CC High Filtration Genuine Celoc Filter Vacuum Bag for XL Model Vacuum... http://t.co/cTB8fpLpRT #Industrial,3.71169E+17,fashionshoesshop
http://twitter.com/lilysmith365,http://twitter.com/lilysmith365/statuses/367549223685746688,2013-08-14T07:32:18Z,2,6,2,,,US,Los Angeles,,Oreck Commercial CCPK8DW Type CC High Filtration Genuine Celoc Filter Vacuum Bag for XL Model Vacuum... http://t.co/tt5D50rlBt #Industrial,3.67549E+17,Lilysmith
http://twitter.com/susansmith365,http://twitter.com/susansmith365/statuses/366096915865149440,2013-08-10T07:21:21Z,2,9,8,,,US,Los Angeles,,Oreck Commercial CCPK8DW Type CC High Filtration Genuine Celoc Filter Vacuum Bag for XL Model Vacuum... http://t.co/vKMVtBNz8I #Industrial,3.66097E+17,susan smith
http://twitter.com/lindasmith365,http://twitter.com/lindasmith365/statuses/366523417425477634,2013-08-11T11:36:07Z,4,43,1,,,US,Los Angeles,,Oreck Commercial CCPK8DW Type CC High Filtration Genuine Celoc Filter Vacuum Bag for XL Model Vacuum... http://t.co/xHiNCdiIyP #Industrial,3.66523E+17,fashionshoesshop
http://twitter.com/lindasmith365,http://twitter.com/lindasmith365/statuses/367552818455916545,2013-08-14T07:46:35Z,4,43,1,,,US,Los Angeles,,Oreck Commercial CCPK8DW Type CC High Filtration Genuine Celoc Filter Vacuum Bag for XL Model Vacuum... http://t.co/RKg2llPAtg #Industrial,3.67553E+17,fashionshoesshop
http://twitter.com/lilysmith365,http://twitter.com/lilysmith365/statuses/363565922289590272,2013-08-03T07:44:05Z,2,6,2,,,US,Los Angeles,,Oreck Commercial CCPK8DW Type CC High Filtration Genuine Celoc Filter Vacuum Bag for XL Model Vacuum... http://t.co/vY2xFdb3v6 #Industrial,3.63566E+17,Lilysmith
http://twitter.com/lindasmith365,http://twitter.com/lindasmith365/statuses/371900724390952960,2013-08-26T07:43:36Z,4,43,1,,,US,Los Angeles,,Oreck Commercial CCPK8DW Type CC High Filtration Genuine Celoc Filter Vacuum Bag for XL Model Vacuum... http://t.co/sEx1epGAio #Industrial,3.71901E+17,fashionshoesshop
http://twitter.com/susansmith365,http://twitter.com/susansmith365/statuses/368312457845960704,2013-08-16T10:05:07Z,2,9,8,,,US,Los Angeles,,Oreck Commercial CCPK8DW Type CC High Filtration Genuine Celoc Filter Vacuum Bag for XL Model Vacuum... http://t.co/ORDtBwrvcK #Industrial,3.68312E+17,susan smith
http://twitter.com/jonnyrbee,http://twitter.com/JonnyRBee/statuses/349926845304668160,2013-06-26T16:27:15Z,3,109,102,,,US,Pittsburgh,,@kmburkhart The #dyson is a beast. But honestly  I find that the combo of a #Roomba and a good #Oreck the best. Roomba kills daily pet hair.,3.49927E+17,Jonathan Berner
http://twitter.com/lindasmith365,http://twitter.com/lindasmith365/statuses/366861397042282496,2013-08-12T09:59:07Z,4,43,1,,,US,Los Angeles,,Oreck Commercial CCPK8DW Type CC High Filtration Genuine Celoc Filter Vacuum Bag for XL Model Vacuum... http://t.co/nActgdMUVo #Industrial,3.66861E+17,fashionshoesshop
http://twitter.com/lilysmith365,http://twitter.com/lilysmith365/statuses/366463195281502208,2013-08-11T07:36:48Z,2,6,2,,,US,Los Angeles,,Oreck Commercial CCPK8DW Type CC High Filtration Genuine Celoc Filter Vacuum Bag for XL Model Vacuum... http://t.co/iuZmPAHf6d #Industrial,3.66463E+17,Lilysmith
http://twitter.com/susansmith365,http://twitter.com/susansmith365/statuses/369718394561392640,2013-08-20T07:11:48Z,2,9,8,,,US,Los Angeles,,Oreck Commercial CCPK8DW Type CC High Filtration Genuine Celoc Filter Vacuum Bag for XL Model Vacuum... http://t.co/Xbvx4MT5PE #Industrial,3.69718E+17,susan smith
http://twitter.com/wordpresshosts,http://twitter.com/wordpresshosts/statuses/389394848895086592,2013-10-13T14:19:01Z,6,649,171,,,US,US,,Cooking up some fun at the Brooks County Skillet Festival: They are where the Oreck vacuum place was. Although... http://t.co/I5UN6Imu08,3.89395E+17,Wordpress Hosting
http://twitter.com/lindasmith365,http://twitter.com/lindasmith365/statuses/368270789822259200,2013-08-16T07:19:33Z,4,43,1,,,US,Los Angeles,,Oreck Commercial CCPK8DW Type CC High Filtration Genuine Celoc Filter Vacuum Bag for XL Model Vacuum... http://t.co/z2ILZcPA3H #Industrial,3.68271E+17,fashionshoesshop
http://twitter.com/susansmith365,http://twitter.com/susansmith365/statuses/371218686243115009,2013-08-24T10:33:26Z,2,9,8,,,US,Los Angeles,,Oreck Commercial CCPK8DW Type CC High Filtration Genuine Celoc Filter Vacuum Bag for XL Model Vacuum... http://t.co/GHYM01NaV5 #Industrial,3.71219E+17,susan smith
http://twitter.com/lindasmith365,http://twitter.com/lindasmith365/statuses/364282197269680129,2013-08-05T07:10:18Z,4,43,1,,,US,Los Angeles,,Oreck Commercial CCPK8DW Type CC High Filtration Genuine Celoc Filter Vacuum Bag for XL Model Vacuum... http://t.co/kvvP2kSRC4 #Industrial,3.64282E+17,fashionshoesshop
http://twitter.com/lilysmith365,http://twitter.com/lilysmith365/statuses/367983023456677889,2013-08-15T12:16:04Z,2,6,2,,,US,Los Angeles,,Oreck Commercial CCPK8DW Type CC High Filtration Genuine Celoc Filter Vacuum Bag for XL Model Vacuum... http://t.co/zIJQotXSRj #Industrial,3.67983E+17,Lilysmith
http://twitter.com/lilysmith365,http://twitter.com/lilysmith365/statuses/365370193444220928,2013-08-08T07:13:37Z,2,6,2,,,US,Los Angeles,,Oreck Commercial CCPK8DW Type CC High Filtration Genuine Celoc Filter Vacuum Bag for XL Model Vacuum... http://t.co/q7CAaTiGJs #Industrial,3.6537E+17,Lilysmith
http://twitter.com/nicolelilli123,http://twitter.com/NicoleLilli123/statuses/363497395385929728,2013-08-03T03:11:47Z,5,730,647,,,US,USA,,#BestSeller #5: Oreck Commercial CCPK8DW Type CC High Filtration Genuine Celoc Filter Vacuum Bag for XL Model... http://t.co/eEeZ8poCNI,3.63497E+17,Nicole Lilianne
http://twitter.com/oreck,http://twitter.com/oreck/statuses/382651162421235712,2013-09-24T23:42:01Z,7,5559,216,,,US,"Nashville, TN",,So glad you we can help you out! RT @schanlon1 @MNHousewives we have the Oreck and it's great for dog hair! And small Lego pieces.,3.82651E+17,Oreck
http://twitter.com/lindasmith365,http://twitter.com/lindasmith365/statuses/367181750155218944,2013-08-13T07:12:05Z,4,43,1,,,US,Los Angeles,,Oreck Commercial CCPK8DW Type CC High Filtration Genuine Celoc Filter Vacuum Bag for XL Model Vacuum... http://t.co/LOhOvEb6QL #Industrial,3.67182E+17,fashionshoesshop
http://twitter.com/lindasmith365,http://twitter.com/lindasmith365/statuses/370121889579929601,2013-08-21T09:55:09Z,4,43,1,,,US,Los Angeles,,Oreck Commercial CCPK8DW Type CC High Filtration Genuine Celoc Filter Vacuum Bag for XL Model Vacuum... http://t.co/GcIBtThZoI #Industrial,3.70122E+17,fashionshoesshop
http://twitter.com/quality1sthome,http://twitter.com/Quality1stHome/statuses/342232288295264256,2013-06-05T10:51:50Z,6,1403,1997,,,US,"Citrus Heights, Ca",,RT @us_martino #CityLED Ambassador Oreck met with Salo Mayor Antti Rantakokko and had a great conversation on LED energy efficient streetlights.,3.42232E+17,Quality First Home
http://twitter.com/melissaknits,http://twitter.com/melissaknits/statuses/371720341363519489,2013-08-25T19:46:50Z,7,2440,17,,,US,Massachusetts,,Sunroom Vac Hack! Free (working) Oreck w/ good motor + my mother's old one with perfect bag= ? More will be revealed! http://t.co/MX5Hca5g8x,3.7172E+17,Melissa Morgan-Oakes
http://twitter.com/lilysmith365,http://twitter.com/lilysmith365/statuses/370158640612659201,2013-08-21T12:21:11Z,2,6,2,,,US,Los Angeles,,Oreck Commercial CCPK8DW Type CC High Filtration Genuine Celoc Filter Vacuum Bag for XL Model Vacuum... http://t.co/u8W27VNEcz #Industrial,3.70159E+17,Lilysmith
http://twitter.com/lilysmith365,http://twitter.com/lilysmith365/statuses/367193259249893376,2013-08-13T07:57:49Z,2,6,2,,,US,Los Angeles,,Oreck Commercial CCPK8DW Type CC High Filtration Genuine Celoc Filter Vacuum Bag for XL Model Vacuum... http://t.co/YxDmI3pOSt #Industrial,3.67193E+17,Lilysmith
http://twitter.com/lilysmith365,http://twitter.com/lilysmith365/statuses/368695157228449794,2013-08-17T11:25:50Z,2,6,2,,,US,Los Angeles,,Oreck Commercial CCPK8DW Type CC High Filtration Genuine Celoc Filter Vacuum Bag for XL Model Vacuum... http://t.co/RgSo2lACdo #Industrial,3.68695E+17,Lilysmith
http://twitter.com/natmmom,http://twitter.com/natmmom/statuses/368454704310669312,2013-08-16T19:30:21Z,7,3200,2454,,,US,MI,,more cool ones @BostitchOffice @AffinageCheese @oreck @OneConcierge @Orbitz @priceGrabber @HotelCoupons @TELEFLORA @PUREVIA @Miramax #FF,3.68455E+17,Diane B
http://twitter.com/lindasmith365,http://twitter.com/lindasmith365/statuses/363920945645240320,2013-08-04T07:14:49Z,4,43,1,,,US,Los Angeles,,Oreck Commercial CCPK8DW Type CC High Filtration Genuine Celoc Filter Vacuum Bag for XL Model Vacuum... http://t.co/dvtsoOkbSb #Industrial,3.63921E+17,fashionshoesshop
http://twitter.com/lilysmith365,http://twitter.com/lilysmith365/statuses/363562147810250753,2013-08-03T07:29:05Z,2,6,2,,,US,Los Angeles,,Oreck Commercial CCPK8DW Type CC High Filtration Genuine Celoc Filter Vacuum Bag for XL Model Vacuum... http://t.co/xG1a7S3ygE #Industrial,3.63562E+17,Lilysmith
http://twitter.com/susansmith365,http://twitter.com/susansmith365/statuses/369760906504192000,2013-08-20T10:00:44Z,2,9,8,,,US,Los Angeles,,Oreck Commercial CCPK8DW Type CC High Filtration Genuine Celoc Filter Vacuum Bag for XL Model Vacuum... http://t.co/oofepj1C17 #Industrial,3.69761E+17,susan smith
http://twitter.com/cookevillenews,http://twitter.com/CookevilleNews/statuses/361417848163270657,2013-07-28T09:28:24Z,6,853,196,,,US,"Cookeville, TN",,Topix: Oreck retail stores could be saved - Local Oreck retail store employees are optimistic about the recent new... http://t.co/pLU8XLfOSD,3.61418E+17,CookevilleNews
http://twitter.com/impactmarhou,http://twitter.com/ImpactMarHou/statuses/358340843255513089,2013-07-19T21:41:29Z,1,13,76,,,US,"Houston, Texas",,Oreck Bites the Dust. Another US manufacturer struggles. Sometimes having a good product isn't enough. http://t.co/ymd1ObCVeB,3.58341E+17,Impact Marketing
http://twitter.com/lilysmith365,http://twitter.com/lilysmith365/statuses/364293710567047168,2013-08-05T07:56:03Z,2,6,2,,,US,Los Angeles,,Oreck Commercial CCPK8DW Type CC High Filtration Genuine Celoc Filter Vacuum Bag for XL Model Vacuum... http://t.co/mFGgHv595Q #Industrial,3.64294E+17,Lilysmith
http://twitter.com/kendrum1,http://twitter.com/kendrum1/statuses/355096033065304066,2013-07-10T22:47:46Z,5,682,958,,,US,"Chelsea, AL",,Well that looks fun. @ Oreck Vacuums http://t.co/zUbFICRZXp,3.55096E+17,Kendrick Wallace
http://twitter.com/lilysmith365,http://twitter.com/lilysmith365/statuses/371538770165633024,2013-08-25T07:45:20Z,2,6,2,,,US,Los Angeles,,Oreck Commercial CCPK8DW Type CC High Filtration Genuine Celoc Filter Vacuum Bag for XL Model Vacuum... http://t.co/uUvAcs8j2s #Industrial,3.71539E+17,Lilysmith
http://twitter.com/lindasmith365,http://twitter.com/lindasmith365/statuses/363558144061878272,2013-08-03T07:13:10Z,4,43,1,,,US,Los Angeles,,Oreck Commercial CCPK8DW Type CC High Filtration Genuine Celoc Filter Vacuum Bag for XL Model Vacuum... http://t.co/fprdjtU6XH #Industrial,3.63558E+17,fashionshoesshop
http://twitter.com/susansmith365,http://twitter.com/susansmith365/statuses/365373702155677698,2013-08-08T07:27:33Z,2,9,8,,,US,Los Angeles,,Oreck Commercial CCPK8DW Type CC High Filtration Genuine Celoc Filter Vacuum Bag for XL Model Vacuum... http://t.co/sqjLxSy90T #Industrial,3.65374E+17,susan smith
http://twitter.com/eurekasue49,http://twitter.com/eurekasue49/statuses/377864794726211584,2013-09-11T18:42:42Z,6,2632,2887,,,US,Los Angeles,,RT @scwillow @oreck GREAT!! Can you let me know the results? #stoprush,3.77865E+17,Sue Bryce
http://twitter.com/lindasmith365,http://twitter.com/lindasmith365/statuses/364289687508103168,2013-08-05T07:40:04Z,4,43,1,,,US,Los Angeles,,Oreck Commercial CCPK8DW Type CC High Filtration Genuine Celoc Filter Vacuum Bag for XL Model Vacuum... http://t.co/HWsLmXnUNQ #Industrial,3.6429E+17,fashionshoesshop
http://twitter.com/atomicdogradio,http://twitter.com/AtomicDogRadio/statuses/378563581895536640,2013-09-13T16:59:25Z,3,131,205,,,US,Southern California,,Pre-show magic with Elizabeth Oreck :) What a fun night we had! If you missed the show  no need to woof and... http://t.co/rZZkMgT4hO,3.78564E+17,Atomic Dog Radio
http://twitter.com/susansmith365,http://twitter.com/susansmith365/statuses/369722301907886080,2013-08-20T07:27:20Z,2,9,8,,,US,Los Angeles,,Oreck Commercial CCPK8DW Type CC High Filtration Genuine Celoc Filter Vacuum Bag for XL Model Vacuum... http://t.co/Z9VpvArpyN #Industrial,3.69722E+17,susan smith
http://twitter.com/hotlabmanager,http://twitter.com/hotlabmanager/statuses/363528420023484417,2013-08-03T05:15:04Z,6,3134,3428,,,US,New York,,Oreck Commercial CCPK8DW Type CC High Filtration Genuine Celoc Filter Vacuum Bag for XL Model Vacuum... http://t.co/RDTh7U9zX7 #industrial,3.63528E+17,Obrien
http://twitter.com/fpoursha,http://twitter.com/fpoursha/statuses/345184108873396226,2013-06-13T14:21:19Z,0,0,1,,,US,los angeles,,@oreck after I saw this on Dr OZ I had to try this and i'm SO happy I did! http://t.co/ePtXUQX3cU,3.45184E+17,fred
http://twitter.com/susansmith365,http://twitter.com/susansmith365/statuses/367954334484406272,2013-08-15T10:22:04Z,2,9,8,,,US,Los Angeles,,Oreck Commercial CCPK8DW Type CC High Filtration Genuine Celoc Filter Vacuum Bag for XL Model Vacuum... http://t.co/GiLgKz21u4 #Industrial,3.67954E+17,susan smith
http://twitter.com/lindasmith365,http://twitter.com/lindasmith365/statuses/369452152722165761,2013-08-19T13:33:51Z,4,43,1,,,US,Los Angeles,,Oreck Commercial CCPK8DW Type CC High Filtration Genuine Celoc Filter Vacuum Bag for XL Model Vacuum... http://t.co/X2NWkbcEuO #Industrial,3.69452E+17,fashionshoesshop
http://twitter.com/claire_danes_,http://twitter.com/claire_danes_/statuses/386233310541643776,2013-10-04T20:56:11Z,6,1034,1585,,,US,USA,,Brand New Genuine Compact Binoculars 10x25 Carry Case with Belt Loop by Oreck: $5.99 End Date: Sunday Nov-3-2013... http://t.co/05S6IOn2xy,3.86233E+17,Claire Danes
http://twitter.com/susansmith365,http://twitter.com/susansmith365/statuses/371172592876396544,2013-08-24T07:30:16Z,2,9,8,,,US,Los Angeles,,Oreck Commercial CCPK8DW Type CC High Filtration Genuine Celoc Filter Vacuum Bag for XL Model Vacuum... http://t.co/pDmL4RZqrP #Industrial,3.71173E+17,susan smith
http://twitter.com/lindasmith365,http://twitter.com/lindasmith365/statuses/370453863356055552,2013-08-22T07:54:18Z,4,43,1,,,US,Los Angeles,,Oreck Commercial CCPK8DW Type CC High Filtration Genuine Celoc Filter Vacuum Bag for XL Model Vacuum... http://t.co/tajzqwu5Ev #Industrial,3.70454E+17,fashionshoesshop
http://twitter.com/oreckofutah,http://twitter.com/OreckofUtah/statuses/354323222818336769,2013-07-08T19:36:53Z,4,348,946,,,US,"Wasatch Front, Utah",,PRODUCT OF THE WEEK- ORECK GOLD. Great deals at all Utah oreck stores- Layton  Orem  So Jordan  Slc. The... http://t.co/Tga9iLIWB4,3.54323E+17,Oreck Of Utah
http://twitter.com/susansmith365,http://twitter.com/susansmith365/statuses/371974352910417920,2013-08-26T12:36:11Z,2,9,8,,,US,Los Angeles,,Oreck Commercial CCPK8DW Type CC High Filtration Genuine Celoc Filter Vacuum Bag for XL Model Vacuum... http://t.co/efwKHHVpla #Industrial,3.71974E+17,susan smith
http://twitter.com/schanlon1,http://twitter.com/schanlon1/statuses/382303433698447361,2013-09-24T00:40:16Z,4,259,401,,,US,"Minneapolis, MN",,@MNHousewives we have the Oreck and it's great for dog hair! And small Lego pieces.,3.82303E+17,Stephanie Hanlon
http://twitter.com/susansmith365,http://twitter.com/susansmith365/statuses/367585967470686208,2013-08-14T09:58:18Z,2,9,8,,,US,Los Angeles,,Oreck Commercial CCPK8DW Type CC High Filtration Genuine Celoc Filter Vacuum Bag for XL Model Vacuum... http://t.co/XmhSNQYWji #Industrial,3.67586E+17,susan smith
http://twitter.com/supplycleaning,http://twitter.com/SupplyCleaning/statuses/349277271141515264,2013-06-24T21:26:05Z,2,25,58,,,US,"Boise, ID",,Oreck Part#CCPK8 - Genuine Oreck Type CC Vacuum Bag for Models XL5  XL7  XL21 ... for $11.90 http://t.co/jfgSwGVAwg via @amazon,3.49277E+17,Cleaning Supplies
http://twitter.com/lindasmith365,http://twitter.com/lindasmith365/statuses/363634679934488577,2013-08-03T12:17:18Z,4,43,1,,,US,Los Angeles,,Oreck Commercial CCPK8DW Type CC High Filtration Genuine Celoc Filter Vacuum Bag for XL Model Vacuum... http://t.co/Di9qltZTc7 #Industrial,3.63635E+17,fashionshoesshop
http://twitter.com/oreck,http://twitter.com/oreck/statuses/352790263942496256,2013-07-04T14:05:28Z,7,5559,216,,,US,"Nashville, TN",,Happy 4th of July from all of us here at Oreck!,3.5279E+17,Oreck
http://twitter.com/lilysmith365,http://twitter.com/lilysmith365/statuses/366096863125975040,2013-08-10T07:21:08Z,2,6,2,,,US,Los Angeles,,Oreck Commercial CCPK8DW Type CC High Filtration Genuine Celoc Filter Vacuum Bag for XL Model Vacuum... http://t.co/XGavtirhdt #Industrial,3.66097E+17,Lilysmith
http://twitter.com/oreck,http://twitter.com/oreck/statuses/352476927673638913,2013-07-03T17:20:22Z,7,5559,216,,,US,"Nashville, TN",,Last day to beat the dog days of summer with this cool offer! Up to 20% off online purchases: http://t.co/nhw3TTabPs,3.52477E+17,Oreck
http://twitter.com/jessicanatalie6,http://twitter.com/jessicanatalie6/statuses/363497395427885056,2013-08-03T03:11:47Z,3,79,203,,,US,"Seattle, US",,#BestSeller #5: Oreck Commercial CCPK8DW Type CC High Filtration Genuine Celoc Filter Vacuum Bag for XL Model... http://t.co/i3Ps4r4mXt,3.63497E+17,jessica natalie
http://twitter.com/susansmith365,http://twitter.com/susansmith365/statuses/363558130136793091,2013-08-03T07:13:07Z,2,9,8,,,US,Los Angeles,,Oreck Commercial CCPK8DW Type CC High Filtration Genuine Celoc Filter Vacuum Bag for XL Model Vacuum... http://t.co/Pw2cXZT50b #Industrial,3.63558E+17,susan smith
http://twitter.com/atomicdogradio,http://twitter.com/AtomicDogRadio/statuses/356842130200735744,2013-07-15T18:26:08Z,3,131,205,,,US,Southern California,,Fun with ADR regular  Best Friends' Elizabeth Oreck. She's gone Carol Channing Blue! If you missed last week's... http://t.co/8M6VAm4AJb,3.56842E+17,Atomic Dog Radio
http://twitter.com/susansmith365,http://twitter.com/susansmith365/statuses/367549223710887936,2013-08-14T07:32:18Z,2,9,8,,,US,Los Angeles,,Oreck Commercial CCPK8DW Type CC High Filtration Genuine Celoc Filter Vacuum Bag for XL Model Vacuum... http://t.co/yz8xCW0dmL #Industrial,3.67549E+17,susan smith
http://twitter.com/natmmom,http://twitter.com/natmmom/statuses/365927346978566144,2013-08-09T20:07:32Z,7,3200,2454,,,US,MI,,more cool ones @oreck @OneConcierge @deximusa @epsonAmerica @priceGrabber @HotelCoupons @TELEFLORA @PUREVIA @Miramax #FF @CharterCom,3.65927E+17,Diane B
http://twitter.com/susansmith365,http://twitter.com/susansmith365/statuses/363562164365164544,2013-08-03T07:29:09Z,2,9,8,,,US,Los Angeles,,Oreck Commercial CCPK8DW Type CC High Filtration Genuine Celoc Filter Vacuum Bag for XL Model Vacuum... http://t.co/2HZYVAxbQR #Industrial,3.63562E+17,susan smith
http://twitter.com/lindasmith365,http://twitter.com/lindasmith365/statuses/371238973835714560,2013-08-24T11:54:03Z,4,43,1,,,US,Los Angeles,,Oreck Commercial CCPK8DW Type CC High Filtration Genuine Celoc Filter Vacuum Bag for XL Model Vacuum... http://t.co/tXar1IZaYP #Industrial,3.71239E+17,fashionshoesshop
http://twitter.com/susansmith365,http://twitter.com/susansmith365/statuses/364285915755069442,2013-08-05T07:25:05Z,2,9,8,,,US,Los Angeles,,Oreck Commercial CCPK8DW Type CC High Filtration Genuine Celoc Filter Vacuum Bag for XL Model Vacuum... http://t.co/aOUEw6GTi8 #Industrial,3.64286E+17,susan smith
http://twitter.com/ikeflitcraft,http://twitter.com/IkeFlitcraft/statuses/353234159990345728,2013-07-05T19:29:21Z,4,162,431,,,US,Nashville,,"Love being a ""friend' to someone who's so ""cool"". @dyson RT if you agree with @1womanwolfepack and I that @oreck and @jpkenkel Suck(tion)",3.53234E+17,Ikes and Crafts
http://twitter.com/igotitforless,http://twitter.com/igotitforless/statuses/344310567378493441,2013-06-11T04:30:10Z,5,752,863,,,US,New York,,Check out this great item: Oreck XL 2100 RHS Lightweight 8 lb. Upright Vacuum Cleaner New in Box http://t.co/ECv6w1x1mT,3.44311E+17,I got it for less
http://twitter.com/lilysmith365,http://twitter.com/lilysmith365/statuses/367189169220485120,2013-08-13T07:41:34Z,2,6,2,,,US,Los Angeles,,Oreck Commercial CCPK8DW Type CC High Filtration Genuine Celoc Filter Vacuum Bag for XL Model Vacuum... http://t.co/YK3APWxn4O #Industrial,3.67189E+17,Lilysmith
http://twitter.com/hardaspie,http://twitter.com/HardAspie/statuses/355882134612877313,2013-07-13T02:51:27Z,6,1761,729,,,US,"Cornville, AZ",,I used my Oreck today! I like my old and donated Oreck. It sucks (in a good way)!,3.55882E+17,Laura Nagle
http://twitter.com/lilysmith365,http://twitter.com/lilysmith365/statuses/371974750861414400,2013-08-26T12:37:46Z,2,6,2,,,US,Los Angeles,,Oreck Commercial CCPK8DW Type CC High Filtration Genuine Celoc Filter Vacuum Bag for XL Model Vacuum... http://t.co/GDTPqWEbKo #Industrial,3.71975E+17,Lilysmith
http://twitter.com/sensibleorg,http://twitter.com/Sensibleorg/statuses/370889018650537984,2013-08-23T12:43:27Z,4,394,433,,,US,Greater Boston Area,,My Oreck handvac bit the dust. I replaced it with a Shark and so happy I did. It is powerful and much easier... http://t.co/b1SwsWkSl9,3.70889E+17,Sensible Organizer
http://twitter.com/lindasmith365,http://twitter.com/lindasmith365/statuses/371892786238214146,2013-08-26T07:12:04Z,4,43,1,,,US,Los Angeles,,Oreck Commercial CCPK8DW Type CC High Filtration Genuine Celoc Filter Vacuum Bag for XL Model Vacuum... http://t.co/hU6qvxe1sS #Industrial,3.71893E+17,fashionshoesshop
http://twitter.com/amsigfurniture,http://twitter.com/AmSigFurniture/statuses/350623595254398977,2013-06-28T14:35:54Z,6,1175,120,,,US,"Columbus, Ohio",,Have a great weekend! RT @dinaj: #FF For Your Home @AmSigFurniture @HomeFamInsider @MaytagBrand @oreck @Circulon @Frigidaire,3.50624E+17,American Signature
http://twitter.com/amazon_________,http://twitter.com/amazon_________/statuses/379377776651825152,2013-09-15T22:54:45Z,8,12585,11072,,,US,usa,,#10: Oreck Commercial CCPK8DW Type CC High Filtration Genuine Celoc Filter Vacuum Bag for XL Model Vacuum Clea... http://t.co/5hMRNksu5H,3.79378E+17,Amazon.com
http://twitter.com/lindasmith365,http://twitter.com/lindasmith365/statuses/367186099212255233,2013-08-13T07:29:22Z,4,43,1,,,US,Los Angeles,,Oreck Commercial CCPK8DW Type CC High Filtration Genuine Celoc Filter Vacuum Bag for XL Model Vacuum... http://t.co/pl7GjsATxu #Industrial,3.67186E+17,fashionshoesshop
http://twitter.com/lilysmith365,http://twitter.com/lilysmith365/statuses/370088336821477376,2013-08-21T07:41:50Z,2,6,2,,,US,Los Angeles,,Oreck Commercial CCPK8DW Type CC High Filtration Genuine Celoc Filter Vacuum Bag for XL Model Vacuum... http://t.co/tEEWyQbyMU #Industrial,3.70088E+17,Lilysmith
http://twitter.com/oreck,http://twitter.com/oreck/statuses/405808475113930752,2013-11-27T21:20:54Z,7,5559,216,,,US,"Nashville, TN",,@kourtney_B123 He must love you very much to trust you with such great responsibility.,4.05808E+17,Oreck
http://twitter.com/lilysmith365,http://twitter.com/lilysmith365/statuses/368274382017150976,2013-08-16T07:33:49Z,2,6,2,,,US,Los Angeles,,Oreck Commercial CCPK8DW Type CC High Filtration Genuine Celoc Filter Vacuum Bag for XL Model Vacuum... http://t.co/YHku4pSGFU #Industrial,3.68274E+17,Lilysmith
http://twitter.com/doggeek,http://twitter.com/doggeek/statuses/359464999426600961,2013-07-23T00:08:29Z,7,6340,1675,,,US,US,,It's great for dog hair! RT @oreck: Only a few hours left for 30% off the Touch Bagless Vacuum Cleaner http://t.co/PS7ydgL7Ud,3.59465E+17,DogGeek.com
http://twitter.com/mikebudny,http://twitter.com/mikebudny/statuses/345187485103583232,2013-06-13T14:34:44Z,2,34,34,,,US,"Carlsbad, CA",,@oreck after I saw this on Dr OZ I had to try this and i'm SO happy I did! http://t.co/bZa91LcOpL,3.45187E+17,Mike Budny
http://twitter.com/hardaspie,http://twitter.com/HardAspie/statuses/401915908722941952,2013-11-17T03:33:14Z,6,1761,729,,,US,"Cornville, AZ",,@Joesff Cool! I want one! (wait  I have a classic Oreck and love it!),4.01916E+17,Laura Nagle
http://twitter.com/susansmith365,http://twitter.com/susansmith365/statuses/370152320975138817,2013-08-21T11:56:05Z,2,9,8,,,US,Los Angeles,,Oreck Commercial CCPK8DW Type CC High Filtration Genuine Celoc Filter Vacuum Bag for XL Model Vacuum... http://t.co/bZNt7P5nrE #Industrial,3.70152E+17,susan smith
http://twitter.com/susansmith365,http://twitter.com/susansmith365/statuses/364282198058205184,2013-08-05T07:10:18Z,2,9,8,,,US,Los Angeles,,Oreck Commercial CCPK8DW Type CC High Filtration Genuine Celoc Filter Vacuum Bag for XL Model Vacuum... http://t.co/IPdcUaqqrh #Industrial,3.64282E+17,susan smith
http://twitter.com/lilysmith365,http://twitter.com/lilysmith365/statuses/371578841371648000,2013-08-25T10:24:34Z,2,6,2,,,US,Los Angeles,,Oreck Commercial CCPK8DW Type CC High Filtration Genuine Celoc Filter Vacuum Bag for XL Model Vacuum... http://t.co/x8t6ARVHRv #Industrial,3.71579E+17,Lilysmith
http://twitter.com/lindasmith365,http://twitter.com/lindasmith365/statuses/366135280756981760,2013-08-10T09:53:48Z,4,43,1,,,US,Los Angeles,,Oreck Commercial CCPK8DW Type CC High Filtration Genuine Celoc Filter Vacuum Bag for XL Model Vacuum... http://t.co/wkbvFa60aa #Industrial,3.66135E+17,fashionshoesshop
http://twitter.com/oreck,http://twitter.com/oreck/statuses/342114187113283584,2013-06-05T03:02:33Z,7,5559,216,,,US,"Nashville, TN",,Glad you love it! RT @mom23bbg: Love  love  love my new @oreck it is nice to have a vaccum that actually sucks (in a good way) :),3.42114E+17,Oreck
http://twitter.com/lindasmith365,http://twitter.com/lindasmith365/statuses/371542412528603136,2013-08-25T07:59:48Z,4,43,1,,,US,Los Angeles,,Oreck Commercial CCPK8DW Type CC High Filtration Genuine Celoc Filter Vacuum Bag for XL Model Vacuum... http://t.co/tJe5rdlpsZ #Industrial,3.71542E+17,fashionshoesshop
http://twitter.com/susansmith365,http://twitter.com/susansmith365/statuses/363631224243232768,2013-08-03T12:03:34Z,2,9,8,,,US,Los Angeles,,Oreck Commercial CCPK8DW Type CC High Filtration Genuine Celoc Filter Vacuum Bag for XL Model Vacuum... http://t.co/daRk7nAuqN #Industrial,3.63631E+17,susan smith
http://twitter.com/lindasmith365,http://twitter.com/lindasmith365/statuses/371974866121269248,2013-08-26T12:38:13Z,4,43,1,,,US,Los Angeles,,Oreck Commercial CCPK8DW Type CC High Filtration Genuine Celoc Filter Vacuum Bag for XL Model Vacuum... http://t.co/iJOa23a8mv #Industrial,3.71975E+17,fashionshoesshop
http://twitter.com/lindasmith365,http://twitter.com/lindasmith365/statuses/366822932422467586,2013-08-12T07:26:16Z,4,43,1,,,US,Los Angeles,,Oreck Commercial CCPK8DW Type CC High Filtration Genuine Celoc Filter Vacuum Bag for XL Model Vacuum... http://t.co/9gFQtR5kTD #Industrial,3.66823E+17,fashionshoesshop
http://twitter.com/natmmom,http://twitter.com/natmmom/statuses/393812545175179264,2013-10-25T18:53:22Z,7,3200,2454,,,US,MI,,more cool ones @ @oreck @OneConcierge @deximusa @epsonAmerica @priceGrabber @HotelCoupons @TELEFLORA @PUREVIA @Miramax #FF @Tweezerman,3.93813E+17,Diane B
http://twitter.com/lilysmith365,http://twitter.com/lilysmith365/statuses/366455712999677952,2013-08-11T07:07:05Z,2,6,2,,,US,Los Angeles,,Oreck Commercial CCPK8DW Type CC High Filtration Genuine Celoc Filter Vacuum Bag for XL Model Vacuum... http://t.co/B8tW1URxz5 #Industrial,3.66456E+17,Lilysmith
http://twitter.com/susansmith365,http://twitter.com/susansmith365/statuses/370083865852801025,2013-08-21T07:24:04Z,2,9,8,,,US,Los Angeles,,Oreck Commercial CCPK8DW Type CC High Filtration Genuine Celoc Filter Vacuum Bag for XL Model Vacuum... http://t.co/WN4B1JwYRn #Industrial,3.70084E+17,susan smith
http://twitter.com/susansmith365,http://twitter.com/susansmith365/statuses/371530900078469120,2013-08-25T07:14:03Z,2,9,8,,,US,Los Angeles,,Oreck Commercial CCPK8DW Type CC High Filtration Genuine Celoc Filter Vacuum Bag for XL Model Vacuum... http://t.co/D9lAHjubft #Industrial,3.71531E+17,susan smith
http://twitter.com/kamalfaridi,http://twitter.com/KamalFaridi/statuses/388482632977113089,2013-10-11T01:54:12Z,9,38308,1614,,,US,Washington D.C. & Ù¾Ø§Ú©Ø³ØªØ§Ù†,,Oreck Touch Bagless Vacuum Cleaner: Editor's Rating: User Rating: Good: The Oreck Touch is a powerful pe... http://t.co/qwkmjCk7JM #Cnet,3.88483E+17,Kamal Faridi
http://twitter.com/pat_rollings,http://twitter.com/pat_rollings/statuses/356508206148751360,2013-07-14T20:19:14Z,4,122,241,,,US,Bloomington,,@sleeeaze Oreck is crazy good  but no hose attachments,3.56508E+17,Patrick Rollings
http://twitter.com/susansmith365,http://twitter.com/susansmith365/statuses/368309371576414208,2013-08-16T09:52:51Z,2,9,8,,,US,Los Angeles,,Oreck Commercial CCPK8DW Type CC High Filtration Genuine Celoc Filter Vacuum Bag for XL Model Vacuum... http://t.co/vqot2y6RQr #Industrial,3.68309E+17,susan smith
http://twitter.com/kamaluf,http://twitter.com/kamaluf/statuses/388482634495442944,2013-10-11T01:54:12Z,6,761,61,,,US,Washington D.C,,Oreck Touch Bagless Vacuum Cleaner: Editor's Rating: User Rating: Good: The Oreck Touch is a powerful pe... http://t.co/auanZCjydZ #Cnet,3.88483E+17,Kamal Faridi
http://twitter.com/lilysmith365,http://twitter.com/lilysmith365/statuses/371531169348591616,2013-08-25T07:15:08Z,2,6,2,,,US,Los Angeles,,Oreck Commercial CCPK8DW Type CC High Filtration Genuine Celoc Filter Vacuum Bag for XL Model Vacuum... http://t.co/xpcenrIbj7 #Industrial,3.71531E+17,Lilysmith
http://twitter.com/susansmith365,http://twitter.com/susansmith365/statuses/367225156281700352,2013-08-13T10:04:34Z,2,9,8,,,US,Los Angeles,,Oreck Commercial CCPK8DW Type CC High Filtration Genuine Celoc Filter Vacuum Bag for XL Model Vacuum... http://t.co/9Eo7FNRN2p #Industrial,3.67225E+17,susan smith
http://twitter.com/lilysmith365,http://twitter.com/lilysmith365/statuses/369718345282506752,2013-08-20T07:11:37Z,2,6,2,,,US,Los Angeles,,Oreck Commercial CCPK8DW Type CC High Filtration Genuine Celoc Filter Vacuum Bag for XL Model Vacuum... http://t.co/vsmypDebpv #Industrial,3.69718E+17,Lilysmith
http://twitter.com/susansmith365,http://twitter.com/susansmith365/statuses/370442732029759488,2013-08-22T07:10:04Z,2,9,8,,,US,Los Angeles,,Oreck Commercial CCPK8DW Type CC High Filtration Genuine Celoc Filter Vacuum Bag for XL Model Vacuum... http://t.co/WNJ6cEjXNp #Industrial,3.70443E+17,susan smith
http://twitter.com/oreckofutah,http://twitter.com/OreckofUtah/statuses/367389723373109248,2013-08-13T20:58:30Z,4,348,946,,,US,"Wasatch Front, Utah",,Let Oreck of Utah help you make cleaning fun and fast... Were in Orem  SLC  Layton So Jordan http://t.co/VVpTBqoKGp,3.6739E+17,Oreck Of Utah
http://twitter.com/ferrdistheword,http://twitter.com/ferrdistheword/statuses/372340354953273344,2013-08-27T12:50:33Z,5,378,420,,,US,"Ft. Lauderdale, FL",,Well  good morning Mr. Oreck (@ Southeast Computer Solutions) [pic]: http://t.co/bwkSlczjAq,3.7234E+17,Fred R
http://twitter.com/natmmom,http://twitter.com/natmmom/statuses/388749926147969024,2013-10-11T19:36:19Z,7,3200,2454,,,US,MI,,more cool ones @ZoyaNailPolish @oreck @OneConcierge @deximusa @epsonAmerica @priceGrabber @HotelCoupons @TELEFLORA @PUREVIA @Miramax #FF,3.8875E+17,Diane B
http://twitter.com/susansmith365,http://twitter.com/susansmith365/statuses/370080669264670720,2013-08-21T07:11:21Z,2,9,8,,,US,Los Angeles,,Oreck Commercial CCPK8DW Type CC High Filtration Genuine Celoc Filter Vacuum Bag for XL Model Vacuum... http://t.co/3Ukj3yb2GH #Industrial,3.70081E+17,susan smith
http://twitter.com/lilysmith365,http://twitter.com/lilysmith365/statuses/371575067194294272,2013-08-25T10:09:34Z,2,6,2,,,US,Los Angeles,,Oreck Commercial CCPK8DW Type CC High Filtration Genuine Celoc Filter Vacuum Bag for XL Model Vacuum... http://t.co/f7UflWInDV #Industrial,3.71575E+17,Lilysmith
http://twitter.com/oreck,http://twitter.com/oreck/statuses/367090644541374469,2013-08-13T01:10:04Z,7,5559,216,,,US,"Nashville, TN",,Only a few more hours left for http://t.co/3iZ5qt0xsS 25% off steam mops from Oreck that are great for hardwood floors,3.67091E+17,Oreck
http://twitter.com/lindasmith365,http://twitter.com/lindasmith365/statuses/366819024421650432,2013-08-12T07:10:45Z,4,43,1,,,US,Los Angeles,,Oreck Commercial CCPK8DW Type CC High Filtration Genuine Celoc Filter Vacuum Bag for XL Model Vacuum... http://t.co/UjwqH4BCHU #Industrial,3.66819E+17,fashionshoesshop
http://twitter.com/lilysmith365,http://twitter.com/lilysmith365/statuses/367911358483791872,2013-08-15T07:31:17Z,2,6,2,,,US,Los Angeles,,Oreck Commercial CCPK8DW Type CC High Filtration Genuine Celoc Filter Vacuum Bag for XL Model Vacuum... http://t.co/CwUJ3uxHeb #Industrial,3.67911E+17,Lilysmith
http://twitter.com/zorixshah,http://twitter.com/ZorixShah/statuses/388482657366970368,2013-10-11T01:54:17Z,4,260,329,,,US,"Houston, Texas",,Oreck Touch Bagless Vacuum Cleaner: Editor's Rating: User Rating: Good: The Oreck Touch is a powerful performe... http://t.co/97BK5ED40k,3.88483E+17,S. Ali Bakhtiar Shah
http://twitter.com/lindasmith365,http://twitter.com/lindasmith365/statuses/367984410101968897,2013-08-15T12:21:34Z,4,43,1,,,US,Los Angeles,,Oreck Commercial CCPK8DW Type CC High Filtration Genuine Celoc Filter Vacuum Bag for XL Model Vacuum... http://t.co/Z9NV2C34qR #Industrial,3.67984E+17,fashionshoesshop
http://twitter.com/susansmith365,http://twitter.com/susansmith365/statuses/367950149273649152,2013-08-15T10:05:26Z,2,9,8,,,US,Los Angeles,,Oreck Commercial CCPK8DW Type CC High Filtration Genuine Celoc Filter Vacuum Bag for XL Model Vacuum... http://t.co/A8TizyeNY9 #Industrial,3.6795E+17,susan smith
http://twitter.com/susansmith365,http://twitter.com/susansmith365/statuses/367911359268139008,2013-08-15T07:31:18Z,2,9,8,,,US,Los Angeles,,Oreck Commercial CCPK8DW Type CC High Filtration Genuine Celoc Filter Vacuum Bag for XL Model Vacuum... http://t.co/ab73i1jmpp #Industrial,3.67911E+17,susan smith
http://twitter.com/oreckofutah,http://twitter.com/OreckofUtah/statuses/352562068353843201,2013-07-03T22:58:42Z,4,348,946,,,US,"Wasatch Front, Utah",,Oreck of Utah wishes everyone a Happy and safe 4th of July. http://t.co/KiX8LHqGKa,3.52562E+17,Oreck Of Utah
http://twitter.com/doggeek,http://twitter.com/doggeek/statuses/393418252413861888,2013-10-24T16:46:35Z,7,6340,1675,,,US,US,,20% off Steam Mops from @Oreck http://t.co/lJ4Njai3I6 Great for #Pet messes,3.93418E+17,DogGeek.com
http://twitter.com/lindasmith365,http://twitter.com/lindasmith365/statuses/363562161865375744,2013-08-03T07:29:08Z,4,43,1,,,US,Los Angeles,,Oreck Commercial CCPK8DW Type CC High Filtration Genuine Celoc Filter Vacuum Bag for XL Model Vacuum... http://t.co/CMceNjFQOE #Industrial,3.63562E+17,fashionshoesshop
http://twitter.com/jessicahannah0,http://twitter.com/JessicaHannah0/statuses/363497395562094594,2013-08-03T03:11:47Z,5,722,682,,,US,"Seattle, US",,#BestSeller #5: Oreck Commercial CCPK8DW Type CC High Filtration Genuine Celoc Filter Vacuum Bag for XL Model... http://t.co/TbDuwyKpLz,3.63497E+17,Jessica Hannah
http://twitter.com/lilysmith365,http://twitter.com/lilysmith365/statuses/370152318676639744,2013-08-21T11:56:04Z,2,6,2,,,US,Los Angeles,,Oreck Commercial CCPK8DW Type CC High Filtration Genuine Celoc Filter Vacuum Bag for XL Model Vacuum... http://t.co/IXftjEYSsG #Industrial,3.70152E+17,Lilysmith
http://twitter.com/susansmith365,http://twitter.com/susansmith365/statuses/366503143820902400,2013-08-11T10:15:33Z,2,9,8,,,US,Los Angeles,,Oreck Commercial CCPK8DW Type CC High Filtration Genuine Celoc Filter Vacuum Bag for XL Model Vacuum... http://t.co/mPPlBqVZba #Industrial,3.66503E+17,susan smith
http://twitter.com/orecktupelo,http://twitter.com/OreckTupelo/statuses/392687829081280512,2013-10-22T16:24:08Z,0,,,,,,"4340 Mall Dr. Tupelo, MS 38804",,"We would not have made it any other way: ""By the standards of the many Oreck loyalists out there  I'm happy to... http://t.co/EyZK3q9KBS",3.92688E+17,
http://twitter.com/lindasmith365,http://twitter.com/lindasmith365/statuses/369086292748800000,2013-08-18T13:20:04Z,4,43,1,,,US,Los Angeles,,Oreck Commercial CCPK8DW Type CC High Filtration Genuine Celoc Filter Vacuum Bag for XL Model Vacuum... http://t.co/0IcCNQew4t #Industrial,3.69086E+17,fashionshoesshop
http://twitter.com/lilysmith365,http://twitter.com/lilysmith365/statuses/370447231553249281,2013-08-22T07:27:57Z,2,6,2,,,US,Los Angeles,,Oreck Commercial CCPK8DW Type CC High Filtration Genuine Celoc Filter Vacuum Bag for XL Model Vacuum... http://t.co/HcoMmlc2nC #Industrial,3.70447E+17,Lilysmith
http://twitter.com/karynelevy,http://twitter.com/karynelevy/statuses/388427689981255681,2013-10-10T22:15:52Z,7,2466,909,,,US,San Francisco,,"""Oreck Touch Bagless Vacuum Cleaner sucks (in a good way)."" Send help.",3.88428E+17,Karyne Levy
http://twitter.com/lilysmith365,http://twitter.com/lilysmith365/statuses/369482231070216192,2013-08-19T15:33:23Z,2,6,2,,,US,Los Angeles,,Oreck Commercial CCPK8DW Type CC High Filtration Genuine Celoc Filter Vacuum Bag for XL Model Vacuum... http://t.co/ltb4jTFYA7 #Industrial,3.69482E+17,Lilysmith
http://twitter.com/oreckofutah,http://twitter.com/OreckofUtah/statuses/343474310628904963,2013-06-08T21:07:11Z,4,348,946,,,US,"Wasatch Front, Utah",,ORECK of Utah- Slc  Layton  Orem  So Jordan. Just thought this was funny  Have a great weekend everyone... http://t.co/nAWvjXp4Wd,3.43474E+17,Oreck Of Utah
http://twitter.com/davezapcic,http://twitter.com/davezapcic/statuses/376890986216964098,2013-09-09T02:13:08Z,5,315,320,,,US,"Harrisburg, PA",,@SQLRockstar We love the Oreck. Our first is still going strong 10 years later. Customer service is great too.,3.76891E+17,Dave Zapcic
http://twitter.com/lindasmith365,http://twitter.com/lindasmith365/statuses/369722362154852352,2013-08-20T07:27:34Z,4,43,1,,,US,Los Angeles,,Oreck Commercial CCPK8DW Type CC High Filtration Genuine Celoc Filter Vacuum Bag for XL Model Vacuum... http://t.co/HNmQykQq1E #Industrial,3.69722E+17,fashionshoesshop
http://twitter.com/lilysmith365,http://twitter.com/lilysmith365/statuses/368341728291332096,2013-08-16T12:01:26Z,2,6,2,,,US,Los Angeles,,Oreck Commercial CCPK8DW Type CC High Filtration Genuine Celoc Filter Vacuum Bag for XL Model Vacuum... http://t.co/Net6F4dlK7 #Industrial,3.68342E+17,Lilysmith
http://twitter.com/susansmith365,http://twitter.com/susansmith365/statuses/363920947876597763,2013-08-04T07:14:49Z,2,9,8,,,US,Los Angeles,,Oreck Commercial CCPK8DW Type CC High Filtration Genuine Celoc Filter Vacuum Bag for XL Model Vacuum... http://t.co/3vgAVi7c7o #Industrial,3.63921E+17,susan smith
http://twitter.com/greenhomedecor,http://twitter.com/greenhomedecor/statuses/363468516868886529,2013-08-03T01:17:02Z,7,3554,4005,,,US,"Seattle, Washington",,#2: Oreck Commercial CCPK8DW Type CC High Filtration Genuine Celoc Filter Vacuum Bag for XL Model Vacuum... http://t.co/3ReCTBcCdy,3.63469E+17,AmazonHomedecor
http://twitter.com/susansmith365,http://twitter.com/susansmith365/statuses/368270702320685056,2013-08-16T07:19:12Z,2,9,8,,,US,Los Angeles,,Oreck Commercial CCPK8DW Type CC High Filtration Genuine Celoc Filter Vacuum Bag for XL Model Vacuum... http://t.co/9k1TUD6Vq5 #Industrial,3.68271E+17,susan smith
http://twitter.com/lilysmith365,http://twitter.com/lilysmith365/statuses/369060934364303360,2013-08-18T11:39:18Z,2,6,2,,,US,Los Angeles,,Oreck Commercial CCPK8DW Type CC High Filtration Genuine Celoc Filter Vacuum Bag for XL Model Vacuum... http://t.co/gb0fRR15jL #Industrial,3.69061E+17,Lilysmith
http://twitter.com/cmissbath,http://twitter.com/CMissbath/statuses/363497395360776193,2013-08-03T03:11:47Z,3,39,140,,,US,US,,#BestSeller #5: Oreck Commercial CCPK8DW Type CC High Filtration Genuine Celoc Filter Vacuum Bag for XL Model... http://t.co/i0PQmzg9Su,3.63497E+17,Catherine Missbath
http://twitter.com/lilysmith365,http://twitter.com/lilysmith365/statuses/366092883549372416,2013-08-10T07:05:19Z,2,6,2,,,US,Los Angeles,,Oreck Commercial CCPK8DW Type CC High Filtration Genuine Celoc Filter Vacuum Bag for XL Model Vacuum... http://t.co/gl16HltmRF #Industrial,3.66093E+17,Lilysmith
http://twitter.com/lilysmith365,http://twitter.com/lilysmith365/statuses/364285916451319810,2013-08-05T07:25:05Z,2,6,2,,,US,Los Angeles,,Oreck Commercial CCPK8DW Type CC High Filtration Genuine Celoc Filter Vacuum Bag for XL Model Vacuum... http://t.co/iIcgHsBkEl #Industrial,3.64286E+17,Lilysmith
http://twitter.com/lindasmith365,http://twitter.com/lindasmith365/statuses/367911359280713728,2013-08-15T07:31:18Z,4,43,1,,,US,Los Angeles,,Oreck Commercial CCPK8DW Type CC High Filtration Genuine Celoc Filter Vacuum Bag for XL Model Vacuum... http://t.co/iN5WO637Vy #Industrial,3.67911E+17,fashionshoesshop
http://twitter.com/thepetspot,http://twitter.com/ThePetSpot/statuses/345248786743963648,2013-06-13T18:38:19Z,4,336,955,,,US,Cincinnati,,RT @oreck Great tip on vacuuming to help get rid of fleas! RT: @DogGeek Cheap Ways to Prevent Fleas http://t.co/KvZ5GLV6fW,3.45249E+17,The Pet Spot
http://twitter.com/reviewowl,http://twitter.com/ReviewOwl/statuses/380734312280113152,2013-09-19T16:45:08Z,4,125,3,,,US,United States,,Oreck review: I have and Oreck carpet cleaner and it does a great job when it works. Every time I use it I have a p - http://t.co/UxS4wbcHr3,3.80734E+17,ReviewOwl
http://twitter.com/susansmith365,http://twitter.com/susansmith365/statuses/367907593601040384,2013-08-15T07:16:20Z,2,9,8,,,US,Los Angeles,,Oreck Commercial CCPK8DW Type CC High Filtration Genuine Celoc Filter Vacuum Bag for XL Model Vacuum... http://t.co/bpY5nSf51L #Industrial,3.67908E+17,susan smith
